Date ,Returns 
22-Jan-01,-0.0206
23-Jan-01,-0.0084
24-Jan-01,-0.0099
25-Jan-01,0.0074
26-Jan-01,0.0005
29-Jan-01,-0.0118
30-Jan-01,0.0309
31-Jan-01,0.0393
1-Feb-01,-0.0059
2-Feb-01,-0.0284
5-Feb-01,-0.0164
6-Feb-01,0.0162
7-Feb-01,-0.007
8-Feb-01,0.0093
9-Feb-01,0.0011
12-Feb-01,0.0027
13-Feb-01,0.0017
14-Feb-01,0.0056
15-Feb-01,-0.0046
16-Feb-01,0.0015
19-Feb-01,0.0035
20-Feb-01,0.0109
21-Feb-01,-0.0236
22-Feb-01,-0.0065
23-Feb-01,-0.0058
27-Feb-01,-0.0077
28-Feb-01,-0.0084
1-Mar-01,-0.0065
2-Mar-01,0.0161
5-Mar-01,0.0042
6-Mar-01,0.0006
7-Mar-01,-0.0036
8-Mar-01,0.0298
9-Mar-01,-0.0041
12-Mar-01,-0.006
13-Mar-01,-0.0078
14-Mar-01,-0.0427
15-Mar-01,0.0206
16-Mar-01,-0.0026
19-Mar-01,-0.0128
20-Mar-01,0.0134
21-Mar-01,-0.0112
22-Mar-01,-0.0133
23-Mar-01,0.0075
26-Mar-01,0.0135
27-Mar-01,-0.0069
28-Mar-01,-0.0043
29-Mar-01,-0.0122
30-Mar-01,0.0065
2-Apr-01,-0.0022
3-Apr-01,-0.014
4-Apr-01,0.002
5-Apr-01,0.024
6-Apr-01,0.0012
9-Apr-01,-0.0085
10-Apr-01,0.0148
11-Apr-01,0.0057
12-Apr-01,0.0309
17-Apr-01,0.0161
18-Apr-01,0.0414
19-Apr-01,-0.009
20-Apr-01,-0.0059
23-Apr-01,-0.0035
24-Apr-01,-0.0119
25-Apr-01,0.0011
26-Apr-01,0.0036
27-Apr-01,0.0046
30-Apr-01,0.0082
2-May-01,-0.0081
3-May-01,-0.014
4-May-01,-0.0034
7-May-01,-0.0091
8-May-01,0.001
9-May-01,-0.0162
10-May-01,-0.0041
11-May-01,-0.0013
14-May-01,-0.0244
15-May-01,-0.0111
16-May-01,0.0081
17-May-01,0.0088
18-May-01,0.0402
21-May-01,0.0091
22-May-01,-0.0106
23-May-01,0.0106
24-May-01,0.0041
25-May-01,0.0138
28-May-01,-0.0085
29-May-01,-0.0252
30-May-01,-0.0122
31-May-01,-0.0058
1-Jun-01,-0.0284
5-Jun-01,-0.0334
6-Jun-01,-0.0029
7-Jun-01,0.0311
8-Jun-01,-0.0074
11-Jun-01,-0.0284
12-Jun-01,0.0074
13-Jun-01,-0.0023
14-Jun-01,-0.0125
15-Jun-01,-0.0039
18-Jun-01,-0.0075
19-Jun-01,-0.0048
20-Jun-01,-0.0109
21-Jun-01,-0.0042
22-Jun-01,-0.0068
25-Jun-01,-0.0304
26-Jun-01,-0.0265
27-Jun-01,0.0233
28-Jun-01,-0.0003
29-Jun-01,0.017
2-Jul-01,-0.0011
3-Jul-01,-0.0209
4-Jul-01,-0.0169
5-Jul-01,0.0001
6-Jul-01,0
9-Jul-01,-0.043
10-Jul-01,-0.021
11-Jul-01,-0.0366
12-Jul-01,0.0296
13-Jul-01,-0.0367
16-Jul-01,-0.0434
17-Jul-01,0.014
18-Jul-01,0.0489
19-Jul-01,0.0626
20-Jul-01,-0.0391
23-Jul-01,0.0386
24-Jul-01,0.0099
25-Jul-01,0.0012
26-Jul-01,0.0141
27-Jul-01,0.0207
30-Jul-01,-0.0221
31-Jul-01,0.0189
1-Aug-01,0.0049
2-Aug-01,0.019
3-Aug-01,0.0075
6-Aug-01,-0.0052
7-Aug-01,-0.0444
8-Aug-01,-0.0151
9-Aug-01,-0.0013
10-Aug-01,-0.0066
13-Aug-01,-0.0038
14-Aug-01,0.0246
16-Aug-01,0.0092
17-Aug-01,-0.0078
20-Aug-01,-0.0003
21-Aug-01,-0.0016
22-Aug-01,-0.0018
23-Aug-01,0.0017
24-Aug-01,0.018
27-Aug-01,0.0186
28-Aug-01,0.009
29-Aug-01,-0.011
30-Aug-01,-0.0001
31-Aug-01,0.0024
3-Sep-01,-0.0096
4-Sep-01,-0.0065
5-Sep-01,-0.0125
6-Sep-01,-0.0045
7-Sep-01,-0.0082
10-Sep-01,-0.041
11-Sep-01,0.006
12-Sep-01,-0.0771
13-Sep-01,0.0064
14-Sep-01,-0.0486
17-Sep-01,-0.0167
18-Sep-01,-0.0047
19-Sep-01,0.0158
20-Sep-01,-0.0526
21-Sep-01,-0.0107
24-Sep-01,0.0165
25-Sep-01,0.0072
26-Sep-01,-0.0044
27-Sep-01,0.0076
28-Sep-01,0.0238
1-Oct-01,-0.0118
2-Oct-01,0.0102
3-Oct-01,-0.0034
4-Oct-01,0.0253
5-Oct-01,-0.0064
8-Oct-01,-0.0153
9-Oct-01,0.0007
10-Oct-01,0.0035
11-Oct-01,0.0116
12-Oct-01,-0.0015
15-Oct-01,0.0031
16-Oct-01,0.0183
17-Oct-01,0.0227
18-Oct-01,-0.0028
19-Oct-01,-0.0008
22-Oct-01,0.0143
23-Oct-01,0.0081
24-Oct-01,-0.0071
25-Oct-01,-0.0088
26-Oct-01,0.0031
29-Oct-01,0.0108
30-Oct-01,-0.0039
31-Oct-01,0.0405
1-Nov-01,0.0422
2-Nov-01,-0.0141
5-Nov-01,0.0187
6-Nov-01,-0.0037
7-Nov-01,0.0127
8-Nov-01,0.0017
9-Nov-01,0.0078
12-Nov-01,-0.0226
13-Nov-01,0.0078
14-Nov-01,0.0191
15-Nov-01,0.0097
16-Nov-01,0.0233
19-Nov-01,0.009
20-Nov-01,-0.012
21-Nov-01,-0.0087
22-Nov-01,-0.0124
23-Nov-01,-0.0235
26-Nov-01,0.0025
27-Nov-01,0.0073
28-Nov-01,0.0027
29-Nov-01,-0.0029
30-Nov-01,0
3-Dec-01,-0.0003
4-Dec-01,-0.0009
5-Dec-01,0.0081
6-Dec-01,0.0068
7-Dec-01,-0.0074
10-Dec-01,-0.0173
11-Dec-01,-0.0051
12-Dec-01,-0.0164
13-Dec-01,-0.0144
14-Dec-01,0.0036
17-Dec-01,-0.0004
18-Dec-01,0.0094
19-Dec-01,0.0122
20-Dec-01,-0.011
21-Dec-01,-0.007
24-Dec-01,0.0066
27-Dec-01,-0.0012
28-Dec-01,0.0044
2-Jan-02,0.0064
3-Jan-02,0.0026
4-Jan-02,0.004
7-Jan-02,-0.0042
8-Jan-02,-0.0126
9-Jan-02,-0.0111
10-Jan-02,-0.0006
11-Jan-02,-0.0065
14-Jan-02,-0.0228
15-Jan-02,-0.0007
16-Jan-02,-0.0065
17-Jan-02,0.0276
18-Jan-02,-0.0018
21-Jan-02,-0.006
22-Jan-02,0.0071
23-Jan-02,0.0184
24-Jan-02,0.011
25-Jan-02,-0.0022
28-Jan-02,0.0028
29-Jan-02,-0.0009
30-Jan-02,-0.0131
31-Jan-02,0.0024
1-Feb-02,-0.0021
4-Feb-02,-0.0022
5-Feb-02,-0.0119
6-Feb-02,-0.0046
7-Feb-02,-0.0045
8-Feb-02,-0.007
11-Feb-02,-0.0046
12-Feb-02,-0.0042
13-Feb-02,-0.0034
14-Feb-02,0.0012
15-Feb-02,-0.0032
18-Feb-02,-0.0133
19-Feb-02,-0.0148
20-Feb-02,-0.0031
21-Feb-02,-0.0057
22-Feb-02,-0.0173
25-Feb-02,0.0045
26-Feb-02,0.019
27-Feb-02,-0.0114
28-Feb-02,-0.0243
1-Mar-02,0.0129
4-Mar-02,0.0245
5-Mar-02,-0.0007
6-Mar-02,-0.0025
7-Mar-02,0.0054
8-Mar-02,0.0043
11-Mar-02,-0.0052
12-Mar-02,-0.0172
13-Mar-02,-0.0032
14-Mar-02,0.0048
15-Mar-02,0.0002
19-Mar-02,-0.0144
20-Mar-02,-0.0074
21-Mar-02,-0.0055
22-Mar-02,-0.0065
26-Mar-02,-0.0077
27-Mar-02,-0.005
28-Mar-02,-0.0045
2-Apr-02,-0.0339
3-Apr-02,-0.0116
4-Apr-02,-0.0019
5-Apr-02,0.0087
8-Apr-02,-0.0201
9-Apr-02,0.0161
10-Apr-02,-0.011
11-Apr-02,-0.0007
12-Apr-02,-0.0016
15-Apr-02,-0.0205
16-Apr-02,0.0007
17-Apr-02,0.0181
18-Apr-02,0.0007
19-Apr-02,0.0095
22-Apr-02,-0.01
23-Apr-02,-0.0044
24-Apr-02,0.0082
25-Apr-02,-0.0087
26-Apr-02,0.0058
29-Apr-02,0.0044
30-Apr-02,-0.0026
2-May-02,-0.0024
8-May-02,0.0307
9-May-02,0.0114
10-May-02,0.0092
13-May-02,0.0055
14-May-02,0.018
15-May-02,-0.0082
16-May-02,-0.0004
17-May-02,0.0169
20-May-02,0.0055
21-May-02,0.0014
22-May-02,-0.0161
23-May-02,-0.0089
24-May-02,-0.0039
27-May-02,-0.0081
28-May-02,0.001
29-May-02,-0.0012
30-May-02,-0.0163
31-May-02,0.0147
3-Jun-02,-0.0131
4-Jun-02,-0.0083
5-Jun-02,0.014
6-Jun-02,0.0126
7-Jun-02,-0.0107
10-Jun-02,0.0062
11-Jun-02,-0.001
12-Jun-02,-0.0052
13-Jun-02,-0.0072
14-Jun-02,-0.024
17-Jun-02,-0.0045
18-Jun-02,-0.002
19-Jun-02,-0.0132
20-Jun-02,-0.0097
21-Jun-02,0.0032
25-Jun-02,0.0183
26-Jun-02,-0.0148
27-Jun-02,0.015
28-Jun-02,0.0051
1-Jul-02,-0.0097
2-Jul-02,-0.0218
3-Jul-02,-0.0055
4-Jul-02,0.0111
5-Jul-02,0.0022
8-Jul-02,0.0022
9-Jul-02,-0.0075
10-Jul-02,-0.0141
11-Jul-02,-0.0123
12-Jul-02,-0.0066
15-Jul-02,-0.0031
16-Jul-02,-0.0129
17-Jul-02,0.0053
18-Jul-02,0.0095
19-Jul-02,-0.014
22-Jul-02,-0.0211
23-Jul-02,0.0018
24-Jul-02,-0.028
25-Jul-02,0.0216
26-Jul-02,-0.0043
29-Jul-02,0.0314
30-Jul-02,0.0056
31-Jul-02,-0.0047
1-Aug-02,0.0042
2-Aug-02,-0.0071
5-Aug-02,-0.0105
6-Aug-02,0.002
7-Aug-02,0.0183
8-Aug-02,0.0003
9-Aug-02,0.0038
12-Aug-02,-0.0011
13-Aug-02,-0.004
14-Aug-02,0.0088
16-Aug-02,0.0088
19-Aug-02,0.0026
20-Aug-02,0.0039
21-Aug-02,0.0212
22-Aug-02,-0.0107
23-Aug-02,-0.0094
26-Aug-02,0.0002
27-Aug-02,0.0042
28-Aug-02,-0.0072
29-Aug-02,-0.0143
30-Aug-02,-0.0094
2-Sep-02,-0.0152
3-Sep-02,0.0039
4-Sep-02,-0.0093
5-Sep-02,-0.0142
6-Sep-02,0.0054
9-Sep-02,-0.0141
10-Sep-02,0.0008
11-Sep-02,0.0041
12-Sep-02,-0.0157
13-Sep-02,-0.0209
16-Sep-02,-0.0139
17-Sep-02,-0.0064
18-Sep-02,-0.0185
19-Sep-02,-0.0156
20-Sep-02,0.0076
23-Sep-02,-0.0203
24-Sep-02,-0.0141
25-Sep-02,0.0021
26-Sep-02,0.0224
27-Sep-02,0.0009
30-Sep-02,-0.0212
1-Oct-02,-0.0078
2-Oct-02,-0.0137
3-Oct-02,-0.0296
4-Oct-02,0.0125
7-Oct-02,-0.0283
8-Oct-02,-0.0065
9-Oct-02,-0.0093
10-Oct-02,0.0042
11-Oct-02,0.05
14-Oct-02,-0.0023
15-Oct-02,0.0066
16-Oct-02,-0.0156
17-Oct-02,0.0202
18-Oct-02,-0.0002
21-Oct-02,-0.0033
22-Oct-02,-0.0145
23-Oct-02,-0.0162
24-Oct-02,0.0023
25-Oct-02,-0.0132
29-Oct-02,0.0062
30-Oct-02,0.0071
31-Oct-02,0.0075
1-Nov-02,-0.0057
4-Nov-02,0.0395
5-Nov-02,0.0016
6-Nov-02,0.0106
7-Nov-02,-0.0162
8-Nov-02,0.004
11-Nov-02,-0.0073
12-Nov-02,-0.0046
13-Nov-02,-0.0207
14-Nov-02,0.0015
15-Nov-02,0.0117
18-Nov-02,-0.0139
19-Nov-02,-0.0018
20-Nov-02,0.0028
21-Nov-02,0.0258
22-Nov-02,-0.0019
25-Nov-02,0.01
26-Nov-02,-0.0029
27-Nov-02,-0.0016
28-Nov-02,0.0046
29-Nov-02,-0.0055
2-Dec-02,0.0118
3-Dec-02,-0.0127
4-Dec-02,-0.0038
5-Dec-02,-0.0064
6-Dec-02,-0.0167
9-Dec-02,-0.0072
10-Dec-02,0.0042
11-Dec-02,0.0091
12-Dec-02,-0.0033
13-Dec-02,-0.0011
16-Dec-02,-0.0003
17-Dec-02,0.0092
18-Dec-02,0.0019
19-Dec-02,-0.0143
20-Dec-02,-0.0052
23-Dec-02,-0.0105
24-Dec-02,-0.0026
27-Dec-02,-0.0019
30-Dec-02,-0.0078
31-Dec-02,0.0014
2-Jan-03,0.0112
3-Jan-03,0.0035
7-Jan-03,-0.0042
8-Jan-03,-0.0235
9-Jan-03,-0.0074
10-Jan-03,-0.0125
13-Jan-03,-0.0014
14-Jan-03,0.0061
15-Jan-03,0.0043
16-Jan-03,0.007
17-Jan-03,-0.0216
20-Jan-03,-0.0131
21-Jan-03,0.0015
22-Jan-03,-0.0018
23-Jan-03,0.021
24-Jan-03,0.0186
27-Jan-03,-0.0165
28-Jan-03,-0.0147
29-Jan-03,-0.0029
30-Jan-03,0.0055
31-Jan-03,0.0087
3-Feb-03,-0.0041
4-Feb-03,-0.0046
5-Feb-03,-0.0047
6-Feb-03,-0.0046
7-Feb-03,0.015
10-Feb-03,-0.0033
11-Feb-03,0.0104
12-Feb-03,-0.0066
13-Feb-03,-0.004
14-Feb-03,0.0034
17-Feb-03,0.0027
18-Feb-03,0.0052
19-Feb-03,0.0006
20-Feb-03,0
21-Feb-03,-0.0101
24-Feb-03,-0.0117
25-Feb-03,-0.0267
26-Feb-03,-0.0032
27-Feb-03,-0.0045
28-Feb-03,-0.0023
3-Mar-03,-0.005
4-Mar-03,-0.0278
5-Mar-03,-0.0041
6-Mar-03,0.0029
7-Mar-03,-0.016
11-Mar-03,-0.03
12-Mar-03,-0.019
13-Mar-03,0.0232
14-Mar-03,0.0025
17-Mar-03,-0.0196
18-Mar-03,0.0342
19-Mar-03,0.0005
20-Mar-03,-0.0074
21-Mar-03,0.0251
24-Mar-03,-0.0133
26-Mar-03,0.0041
27-Mar-03,-0.0107
28-Mar-03,-0.0169
31-Mar-03,-0.0375
1-Apr-03,0.0016
2-Apr-03,0.02
3-Apr-03,0.0071
4-Apr-03,0.0205
7-Apr-03,0.0297
8-Apr-03,-0.0082
9-Apr-03,0.0086
10-Apr-03,0.0018
11-Apr-03,0.0151
14-Apr-03,0.0126
15-Apr-03,0.0072
16-Apr-03,-0.0008
17-Apr-03,0.0086
22-Apr-03,0.0033
23-Apr-03,0.0246
24-Apr-03,-0.0045
29-Apr-03,0.0021
30-Apr-03,0.0234
2-May-03,0.0222
5-May-03,0.0245
6-May-03,0.0124
7-May-03,0.0074
8-May-03,-0.0183
9-May-03,-0.0286
12-May-03,-0.0101
13-May-03,0.0185
14-May-03,0.0059
15-May-03,-0.0047
16-May-03,0.0122
19-May-03,-0.0127
20-May-03,0.0025
21-May-03,-0.0175
22-May-03,-0.0057
23-May-03,-0.0058
26-May-03,-0.0016
27-May-03,-0.0115
28-May-03,0.0221
29-May-03,0.0058
30-May-03,-0.0044
2-Jun-03,0.0469
3-Jun-03,0.004
4-Jun-03,0.0418
5-Jun-03,-0.0063
6-Jun-03,0.0266
9-Jun-03,-0.0034
10-Jun-03,-0.0042
11-Jun-03,0.0158
12-Jun-03,0.0214
13-Jun-03,-0.0089
17-Jun-03,0.0265
18-Jun-03,-0.0049
19-Jun-03,-0.0241
20-Jun-03,-0.0067
23-Jun-03,-0.0146
24-Jun-03,-0.0016
25-Jun-03,0.0161
26-Jun-03,0.0018
27-Jun-03,-0.0035
30-Jun-03,-0.0029
1-Jul-03,-0.0172
2-Jul-03,0.0467
3-Jul-03,0.0063
4-Jul-03,-0.0062
7-Jul-03,0.0365
8-Jul-03,-0.0047
9-Jul-03,-0.01
10-Jul-03,-0.0008
11-Jul-03,-0.0067
14-Jul-03,0.0375
15-Jul-03,0.0162
16-Jul-03,0.0028
17-Jul-03,-0.0094
18-Jul-03,0.0145
21-Jul-03,-0.0083
22-Jul-03,0.0034
23-Jul-03,0.0024
24-Jul-03,0.0005
25-Jul-03,-0.0072
28-Jul-03,0.0013
29-Jul-03,0.0177
30-Jul-03,0.0243
31-Jul-03,-0.0004
1-Aug-03,0.0019
4-Aug-03,0.0053
5-Aug-03,-0.0068
6-Aug-03,-0.0095
7-Aug-03,-0.0084
8-Aug-03,0.0081
11-Aug-03,-0.0079
12-Aug-03,0.0021
13-Aug-03,0.0118
14-Aug-03,0.0143
18-Aug-03,0.0228
19-Aug-03,0.0003
20-Aug-03,-0.0033
21-Aug-03,0.0245
22-Aug-03,0.0166
25-Aug-03,-0.0027
26-Aug-03,-0.0209
27-Aug-03,0.0034
28-Aug-03,-0.0003
29-Aug-03,-0.023
1-Sep-03,-0.0039
2-Sep-03,-0.0235
3-Sep-03,-0.0074
4-Sep-03,0.0007
5-Sep-03,0.0029
8-Sep-03,-0.0229
9-Sep-03,-0.0189
10-Sep-03,0.008
11-Sep-03,0.008
12-Sep-03,-0.0037
15-Sep-03,-0.0168
16-Sep-03,-0.008
17-Sep-03,0.0212
18-Sep-03,-0.0208
19-Sep-03,0.0041
22-Sep-03,-0.0052
23-Sep-03,0.0027
24-Sep-03,0.0078
25-Sep-03,-0.0094
26-Sep-03,-0.0122
29-Sep-03,0.0032
30-Sep-03,0.0042
1-Oct-03,-0.0009
2-Oct-03,0.0198
3-Oct-03,0.0169
6-Oct-03,0.0235
7-Oct-03,-0.0209
8-Oct-03,0.013
9-Oct-03,-0.0032
10-Oct-03,-0.0067
13-Oct-03,0.0022
14-Oct-03,0.0002
15-Oct-03,0.0017
16-Oct-03,-0.0019
17-Oct-03,0.006
20-Oct-03,-0.0015
21-Oct-03,0.0083
22-Oct-03,-0.0078
23-Oct-03,-0.016
24-Oct-03,0.0019
27-Oct-03,0.0063
29-Oct-03,0.0012
30-Oct-03,0.0033
31-Oct-03,0.0006
3-Nov-03,0.0204
4-Nov-03,-0.0035
5-Nov-03,0.0015
6-Nov-03,0.008
7-Nov-03,0.0085
10-Nov-03,0.0001
11-Nov-03,-0.0075
12-Nov-03,-0.0085
13-Nov-03,0.0035
14-Nov-03,0.0013
17-Nov-03,-0.0153
18-Nov-03,-0.0012
19-Nov-03,0.0001
20-Nov-03,-0.0102
21-Nov-03,0.0064
24-Nov-03,0.0088
25-Nov-03,0.0122
26-Nov-03,0.0116
27-Nov-03,0.0036
28-Nov-03,-0.0067
1-Dec-03,-0.0029
2-Dec-03,0.0069
3-Dec-03,0.0099
4-Dec-03,-0.0051
5-Dec-03,-0.0032
8-Dec-03,-0.0041
9-Dec-03,0.0118
10-Dec-03,0.0025
11-Dec-03,0.0015
12-Dec-03,0.0053
15-Dec-03,-0.0043
16-Dec-03,-0.0099
17-Dec-03,0.003
18-Dec-03,0.0024
19-Dec-03,0.0134
22-Dec-03,0.001
23-Dec-03,0.0008
24-Dec-03,0.0051
29-Dec-03,0.0028
30-Dec-03,0.0224
31-Dec-03,0.0046
2-Jan-04,0.0208
5-Jan-04,0.0146
7-Jan-04,0.0182
8-Jan-04,0.012
9-Jan-04,-0.0035
12-Jan-04,-0.0013
13-Jan-04,0.0207
14-Jan-04,0.0208
15-Jan-04,0
16-Jan-04,0.004
19-Jan-04,-0.018
20-Jan-04,-0.0146
21-Jan-04,0.024
22-Jan-04,0.0011
23-Jan-04,-0.0035
26-Jan-04,-0.0206
27-Jan-04,0.0048
28-Jan-04,-0.0144
29-Jan-04,-0.0094
30-Jan-04,0.0198
2-Feb-04,0.0029
3-Feb-04,-0.0091
4-Feb-04,0.001
5-Feb-04,0.0164
6-Feb-04,-0.0016
9-Feb-04,-0.0097
10-Feb-04,0.0052
11-Feb-04,0.0109
12-Feb-04,0.0064
13-Feb-04,-0.005
16-Feb-04,0.0014
17-Feb-04,0.0066
18-Feb-04,0.0048
19-Feb-04,-0.0049
20-Feb-04,-0.0011
24-Feb-04,-0.0178
25-Feb-04,-0.0199
26-Feb-04,0.0088
27-Feb-04,0.0136
1-Mar-04,-0.0004
2-Mar-04,0.0009
3-Mar-04,-0.0034
4-Mar-04,0.014
5-Mar-04,0.0099
8-Mar-04,0.012
9-Mar-04,-0.0099
10-Mar-04,-0.0054
11-Mar-04,-0.0258
12-Mar-04,0.0032
15-Mar-04,-0.0244
16-Mar-04,0.008
17-Mar-04,0.009
18-Mar-04,0.0003
19-Mar-04,-0.0062
22-Mar-04,-0.0388
23-Mar-04,0.0092
24-Mar-04,-0.0073
26-Mar-04,0.012
29-Mar-04,0.0216
30-Mar-04,0.0009
31-Mar-04,-0.0022
1-Apr-04,-0.0005
2-Apr-04,0.0057
5-Apr-04,0.0204
6-Apr-04,-0.0024
7-Apr-04,0.0015
8-Apr-04,0.0153
13-Apr-04,0.0105
14-Apr-04,-0.0143
15-Apr-04,0.0014
16-Apr-04,0.0077
19-Apr-04,-0.0087
20-Apr-04,0.0076
21-Apr-04,0.006
22-Apr-04,0.0143
23-Apr-04,0.004
26-Apr-04,0.0078
27-Apr-04,-0.003
28-Apr-04,0.0136
29-Apr-04,-0.0034
30-Apr-04,-0.0108
3-May-04,0.0129
4-May-04,0.0011
5-May-04,-0.0087
6-May-04,-0.0083
7-May-04,-0.0024
10-May-04,-0.0286
11-May-04,0.0136
12-May-04,0.0095
13-May-04,0.0125
14-May-04,-0.0117
17-May-04,-0.0151
18-May-04,0.0001
19-May-04,-0.0096
20-May-04,-0.0269
21-May-04,-0.0132
24-May-04,0.003
25-May-04,-0.0096
26-May-04,0.0151
27-May-04,0.0148
28-May-04,0.0211
1-Jun-04,-0.0154
2-Jun-04,0.0001
3-Jun-04,0.0092
4-Jun-04,0.015
7-Jun-04,-0.0082
8-Jun-04,-0.0076
9-Jun-04,-0.001
10-Jun-04,0.0013
11-Jun-04,-0.0026
14-Jun-04,-0.0052
15-Jun-04,0.008
16-Jun-04,0.0024
17-Jun-04,-0.012
18-Jun-04,-0.0096
21-Jun-04,-0.0105
22-Jun-04,0.0029
23-Jun-04,-0.0015
24-Jun-04,0.0014
25-Jun-04,-0.0121
28-Jun-04,0.0157
29-Jun-04,-0.0003
30-Jun-04,0.0087
1-Jul-04,-0.0073
2-Jul-04,-0.0035
5-Jul-04,-0.003
6-Jul-04,0.0071
7-Jul-04,-0.0021
8-Jul-04,-0.0081
9-Jul-04,0.0019
12-Jul-04,0.0004
13-Jul-04,0.001
14-Jul-04,0.0011
15-Jul-04,0.0026
16-Jul-04,0.013
19-Jul-04,0.0039
20-Jul-04,-0.0042
21-Jul-04,0.0001
22-Jul-04,-0.0141
23-Jul-04,0.0025
26-Jul-04,-0.0077
27-Jul-04,0.0142
28-Jul-04,-0.0001
29-Jul-04,-0.0041
30-Jul-04,-0.016
2-Aug-04,-0.0055
3-Aug-04,0.0096
4-Aug-04,-0.0161
5-Aug-04,-0.0004
6-Aug-04,-0.0042
9-Aug-04,0.0039
10-Aug-04,-0.0072
11-Aug-04,-0.0039
12-Aug-04,-0.01
16-Aug-04,-0.0031
17-Aug-04,0.0127
18-Aug-04,-0.0085
19-Aug-04,0.002
20-Aug-04,-0.0156
23-Aug-04,0.0094
24-Aug-04,0.0086
25-Aug-04,0.0146
26-Aug-04,0.0117
27-Aug-04,0.0081
30-Aug-04,-0.0043
31-Aug-04,0.0046
1-Sep-04,0.0061
2-Sep-04,0.0061
3-Sep-04,-0.0026
6-Sep-04,0.0009
7-Sep-04,-0.0019
8-Sep-04,-0.0127
9-Sep-04,0.0025
10-Sep-04,0.0092
13-Sep-04,0.0025
14-Sep-04,0.0005
15-Sep-04,0.0074
16-Sep-04,-0.0054
17-Sep-04,0.0077
20-Sep-04,0.0079
21-Sep-04,0.0062
22-Sep-04,-0.0014
23-Sep-04,-0.0004
24-Sep-04,0.0001
27-Sep-04,-0.0082
28-Sep-04,0.0035
29-Sep-04,0.0106
30-Sep-04,-0.0158
1-Oct-04,0.0098
4-Oct-04,0.0136
5-Oct-04,-0.0002
6-Oct-04,-0.0034
7-Oct-04,0.0157
8-Oct-04,0.0012
11-Oct-04,0.0017
12-Oct-04,-0.0027
13-Oct-04,0.0008
14-Oct-04,0.0065
15-Oct-04,0.0062
18-Oct-04,-0.0051
19-Oct-04,0.0027
20-Oct-04,0.001
21-Oct-04,0.0163
22-Oct-04,0.0039
25-Oct-04,-0.0147
26-Oct-04,0.0151
27-Oct-04,0.0014
29-Oct-04,0.0127
1-Nov-04,0.0053
2-Nov-04,0.0236
3-Nov-04,-0.002
4-Nov-04,0.0174
5-Nov-04,0.0233
8-Nov-04,-0.0169
9-Nov-04,-0.0142
10-Nov-04,0.0079
11-Nov-04,0.0074
12-Nov-04,-0.0044
15-Nov-04,0.0036
16-Nov-04,-0.0035
17-Nov-04,0.0138
18-Nov-04,-0.0061
19-Nov-04,-0.0042
22-Nov-04,-0.0092
23-Nov-04,-0.0141
24-Nov-04,0.0054
25-Nov-04,0.0257
26-Nov-04,0.0036
29-Nov-04,0.0072
30-Nov-04,-0.0073
1-Dec-04,-0.0024
2-Dec-04,0.0078
3-Dec-04,-0.0047
6-Dec-04,-0.0029
7-Dec-04,0.0091
8-Dec-04,0.0056
9-Dec-04,-0.0001
10-Dec-04,-0.0034
13-Dec-04,0.0073
14-Dec-04,-0.005
15-Dec-04,0.0075
16-Dec-04,0.0097
17-Dec-04,-0.003
20-Dec-04,0.011
21-Dec-04,-0.01
22-Dec-04,0.003
23-Dec-04,0.0004
24-Dec-04,0.01
27-Dec-04,0.0118
28-Dec-04,0.0038
29-Dec-04,0.0054
30-Dec-04,-0.0015
31-Dec-04,-0.0005
3-Jan-05,0.0176
4-Jan-05,0.0046
5-Jan-05,-0.0082
7-Jan-05,0.0085
10-Jan-05,-0.0094
11-Jan-05,0.0113
12-Jan-05,0.0098
13-Jan-05,0.01
14-Jan-05,-0.0017
17-Jan-05,-0.0104
18-Jan-05,-0.0079
19-Jan-05,0.021
20-Jan-05,0.0039
21-Jan-05,0.0032
24-Jan-05,0.0012
25-Jan-05,0.0079
26-Jan-05,0.0054
27-Jan-05,-0.0117
28-Jan-05,-0.0002
31-Jan-05,-0.0127
1-Feb-05,-0.004
2-Feb-05,-0.0117
3-Feb-05,0.0099
4-Feb-05,0.0031
7-Feb-05,0.0089
8-Feb-05,-0.0037
9-Feb-05,-0.008
10-Feb-05,-0.0066
11-Feb-05,0.0122
14-Feb-05,0.0079
15-Feb-05,0.0264
16-Feb-05,0.0052
17-Feb-05,0.0131
18-Feb-05,-0.0008
21-Feb-05,-0.0122
22-Feb-05,0.0005
23-Feb-05,0.0096
24-Feb-05,0.0176
25-Feb-05,-0.0004
28-Feb-05,0.0215
1-Mar-05,-0.0067
2-Mar-05,-0.0172
3-Mar-05,0.0002
4-Mar-05,0.0138
7-Mar-05,-0.007
8-Mar-05,-0.0034
9-Mar-05,0.0059
10-Mar-05,0.0045
11-Mar-05,0.0096
15-Mar-05,-0.0085
16-Mar-05,-0.0203
17-Mar-05,-0.0295
18-Mar-05,0.0038
21-Mar-05,-0.0288
22-Mar-05,-0.0063
23-Mar-05,0.0089
24-Mar-05,0.0161
29-Mar-05,-0.0032
30-Mar-05,-0.0222
31-Mar-05,-0.0069
1-Apr-05,0.0116
4-Apr-05,0.0081
5-Apr-05,0.0208
6-Apr-05,0.0024
7-Apr-05,0.0114
8-Apr-05,-0.001
11-Apr-05,-0.0016
12-Apr-05,0.0088
13-Apr-05,-0.0015
14-Apr-05,-0.0105
15-Apr-05,-0.0142
18-Apr-05,-0.0211
19-Apr-05,0.0062
20-Apr-05,-0.0047
21-Apr-05,0.0003
22-Apr-05,0.0124
25-Apr-05,-0.0099
26-Apr-05,-0.0039
27-Apr-05,-0.0129
28-Apr-05,-0.0018
3-May-05,-0.0143
4-May-05,0.0037
5-May-05,0.0067
6-May-05,0.0061
9-May-05,-0.0079
10-May-05,0.0075
11-May-05,0.0041
12-May-05,0.0065
13-May-05,-0.0035
16-May-05,0.0044
17-May-05,-0.0028
18-May-05,-0.0121
19-May-05,0.0054
20-May-05,0.0134
23-May-05,-0.0025
24-May-05,0.0045
25-May-05,0.0055
26-May-05,0.0242
27-May-05,-0.0064
30-May-05,0.0054
31-May-05,-0.0074
1-Jun-05,0.0035
2-Jun-05,0.0053
3-Jun-05,0.015
6-Jun-05,0.0136
7-Jun-05,-0.001
8-Jun-05,0.0047
9-Jun-05,0.0033
10-Jun-05,0.0074
13-Jun-05,-0.003
14-Jun-05,-0.013
15-Jun-05,0.0145
16-Jun-05,0.0069
17-Jun-05,-0.005
21-Jun-05,-0.0144
22-Jun-05,-0.0169
23-Jun-05,0.0122
24-Jun-05,0.0009
27-Jun-05,-0.0028
28-Jun-05,0.0122
29-Jun-05,-0.0131
30-Jun-05,0.0062
1-Jul-05,0.0072
4-Jul-05,-0.0017
5-Jul-05,0.0057
6-Jul-05,0.0099
7-Jul-05,-0.0134
8-Jul-05,0.0115
11-Jul-05,0.0046
12-Jul-05,-0.0021
13-Jul-05,-0.0005
14-Jul-05,-0.0023
15-Jul-05,0.0009
18-Jul-05,0.0181
19-Jul-05,0.0301
20-Jul-05,-0.009
21-Jul-05,0.0059
22-Jul-05,0.0013
25-Jul-05,0.0015
26-Jul-05,0.0023
27-Jul-05,0.0076
28-Jul-05,-0.0028
29-Jul-05,-0.0115
1-Aug-05,0.0027
2-Aug-05,0.005
3-Aug-05,0.0085
4-Aug-05,-0.0065
5-Aug-05,-0.0051
8-Aug-05,0.0111
9-Aug-05,-0.0033
10-Aug-05,0.0069
11-Aug-05,-0.0032
12-Aug-05,-0.0121
16-Aug-05,-0.0029
17-Aug-05,0
18-Aug-05,0.0067
19-Aug-05,0.0065
22-Aug-05,-0.0041
23-Aug-05,-0.0114
24-Aug-05,-0.0138
25-Aug-05,-0.0039
26-Aug-05,-0.0004
29-Aug-05,-0.0102
30-Aug-05,0.0073
31-Aug-05,0.0099
1-Sep-05,0.0148
2-Sep-05,0.0016
5-Sep-05,0.0004
6-Sep-05,0.0054
7-Sep-05,-0.0003
8-Sep-05,-0.0068
9-Sep-05,-0.0061
12-Sep-05,-0.0073
13-Sep-05,-0.0051
14-Sep-05,0.0021
15-Sep-05,0.0046
16-Sep-05,0.0031
19-Sep-05,-0.0057
20-Sep-05,-0.0032
21-Sep-05,-0.0102
22-Sep-05,0.0011
23-Sep-05,0.01
26-Sep-05,0.0182
27-Sep-05,0.0016
28-Sep-05,0.0066
29-Sep-05,0.0026
30-Sep-05,0.0142
3-Oct-05,0.0046
4-Oct-05,-0.0039
5-Oct-05,-0.0006
6-Oct-05,-0.0103
7-Oct-05,0.0019
10-Oct-05,0.0025
11-Oct-05,0.0065
12-Oct-05,0.0047
13-Oct-05,-0.0119
14-Oct-05,-0.0058
17-Oct-05,0.0005
18-Oct-05,-0.0008
19-Oct-05,-0.0201
20-Oct-05,-0.0039
21-Oct-05,-0.0048
24-Oct-05,0.0052
25-Oct-05,0
26-Oct-05,0.0002
27-Oct-05,0.0033
31-Oct-05,0.012
1-Nov-05,0.0075
2-Nov-05,0.0041
3-Nov-05,0.0134
4-Nov-05,0.0058
7-Nov-05,0
8-Nov-05,0.0032
9-Nov-05,0.0016
10-Nov-05,-0.0065
11-Nov-05,0.0113
14-Nov-05,0.0064
15-Nov-05,-0.0018
16-Nov-05,0.004
17-Nov-05,0.0154
18-Nov-05,0.0059
21-Nov-05,-0.0091
22-Nov-05,0.0051
23-Nov-05,-0.0043
24-Nov-05,-0.0024
25-Nov-05,-0.0016
28-Nov-05,0.0035
29-Nov-05,-0.002
30-Nov-05,-0.0178
1-Dec-05,0.0109
2-Dec-05,0.0057
5-Dec-05,0.0044
6-Dec-05,0.0019
7-Dec-05,0.004
8-Dec-05,-0.0075
9-Dec-05,-0.0018
12-Dec-05,0.0074
13-Dec-05,-0.0022
14-Dec-05,0.0077
15-Dec-05,0.0128
16-Dec-05,0.0084
19-Dec-05,-0.0021
20-Dec-05,-0.0065
21-Dec-05,-0.0032
22-Dec-05,-0.0092
23-Dec-05,0.0042
27-Dec-05,0.0152
28-Dec-05,-0.0048
29-Dec-05,0.0067
30-Dec-05,0.0022
2-Jan-06,-0.0003
3-Jan-06,0.012
4-Jan-06,0.0122
5-Jan-06,0.0023
9-Jan-06,0.0108
10-Jan-06,0.013
11-Jan-06,0.0088
12-Jan-06,-0.0007
13-Jan-06,-0.0015
16-Jan-06,0.0143
17-Jan-06,0.0027
18-Jan-06,-0.0137
19-Jan-06,0.0186
20-Jan-06,0.0065
23-Jan-06,-0.011
24-Jan-06,0.015
25-Jan-06,-0.0029
26-Jan-06,-0.0051
27-Jan-06,-0.0095
30-Jan-06,-0.0006
31-Jan-06,0.0045
1-Feb-06,0.0053
2-Feb-06,0.0136
3-Feb-06,-0.0046
6-Feb-06,0.0125
7-Feb-06,-0.0008
8-Feb-06,0.0061
9-Feb-06,0.0145
10-Feb-06,-0.0045
13-Feb-06,-0.0136
14-Feb-06,-0.0084
15-Feb-06,-0.0009
16-Feb-06,0.0117
17-Feb-06,0.0033
20-Feb-06,0.0091
21-Feb-06,0.0087
22-Feb-06,0.0135
23-Feb-06,0.0062
24-Feb-06,0.0051
27-Feb-06,-0.0083
28-Feb-06,0.003
1-Mar-06,-0.0188
2-Mar-06,-0.0193
3-Mar-06,-0.0097
7-Mar-06,-0.0246
8-Mar-06,-0.0023
9-Mar-06,0.0236
10-Mar-06,0.0035
13-Mar-06,0.0148
14-Mar-06,-0.0146
15-Mar-06,0.001
16-Mar-06,0.0151
17-Mar-06,0.0132
20-Mar-06,0.0027
21-Mar-06,-0.0032
22-Mar-06,-0.0072
23-Mar-06,-0.0014
24-Mar-06,0.0033
27-Mar-06,-0.0101
28-Mar-06,-0.013
29-Mar-06,0.004
30-Mar-06,0.0095
31-Mar-06,-0.0007
3-Apr-06,0.0015
4-Apr-06,0.005
5-Apr-06,0.0022
6-Apr-06,0.0228
7-Apr-06,0.0103
10-Apr-06,-0.0015
11-Apr-06,-0.0163
12-Apr-06,-0.0104
13-Apr-06,-0.0031
18-Apr-06,0.0004
19-Apr-06,0.0096
20-Apr-06,-0.0121
25-Apr-06,-0.0139
26-Apr-06,0.0099
27-Apr-06,-0.007
28-Apr-06,-0.0055
2-May-06,0.0157
3-May-06,0.0064
4-May-06,0.0077
5-May-06,0.0056
8-May-06,0.0048
9-May-06,-0.0028
10-May-06,-0.013
11-May-06,-0.0086
12-May-06,-0.0125
15-May-06,-0.0251
16-May-06,0.0021
17-May-06,-0.0195
18-May-06,-0.0272
19-May-06,-0.0075
22-May-06,-0.0564
23-May-06,0.0349
24-May-06,-0.0304
25-May-06,0.0034
26-May-06,0.0324
29-May-06,0.0078
30-May-06,-0.0281
31-May-06,0.0147
1-Jun-06,-0.0218
2-Jun-06,0.0052
5-Jun-06,-0.0236
6-Jun-06,-0.0192
7-Jun-06,0.0009
8-Jun-06,-0.0045
9-Jun-06,0.0129
13-Jun-06,-0.029
14-Jun-06,-0.0064
15-Jun-06,0.0538
16-Jun-06,0.0075
19-Jun-06,0.0084
20-Jun-06,-0.013
21-Jun-06,-0.0173
22-Jun-06,0.0123
23-Jun-06,0.004
26-Jun-06,-0.0054
27-Jun-06,-0.0068
28-Jun-06,-0.0115
29-Jun-06,0.0203
30-Jun-06,0.0372
3-Jul-06,-0.0044
4-Jul-06,0.0036
5-Jul-06,-0.0199
6-Jul-06,-0.0067
7-Jul-06,0.0011
10-Jul-06,0.0065
11-Jul-06,0.0117
12-Jul-06,0.0094
13-Jul-06,-0.0219
14-Jul-06,0.0005
17-Jul-06,-0.0318
18-Jul-06,0.0116
19-Jul-06,-0.0016
20-Jul-06,0.0184
21-Jul-06,-0.0047
24-Jul-06,0.0028
25-Jul-06,0.0148
26-Jul-06,0.0015
27-Jul-06,0.0179
28-Jul-06,-0.0017
31-Jul-06,0.0073
1-Aug-06,0.0027
2-Aug-06,0.0065
3-Aug-06,0.0006
4-Aug-06,0.0135
7-Aug-06,0.0085
8-Aug-06,-0.014
9-Aug-06,0.0043
10-Aug-06,-0.0103
11-Aug-06,0.0031
14-Aug-06,0.0114
16-Aug-06,0.0164
17-Aug-06,0.0027
18-Aug-06,0.0038
21-Aug-06,-0.0048
22-Aug-06,-0.0032
23-Aug-06,-0.0009
24-Aug-06,0.001
25-Aug-06,-0.02
28-Aug-06,-0.0105
29-Aug-06,0.0049
30-Aug-06,-0.0016
31-Aug-06,0.0157
1-Sep-06,0.0153
4-Sep-06,0.0063
5-Sep-06,0.0006
6-Sep-06,-0.0088
7-Sep-06,-0.0103
8-Sep-06,0.0057
11-Sep-06,0.0021
12-Sep-06,0.0029
13-Sep-06,0.0013
14-Sep-06,-0.0087
15-Sep-06,0.0092
18-Sep-06,-0.0074
19-Sep-06,0.0004
20-Sep-06,0.0118
21-Sep-06,0.0077
22-Sep-06,-0.0044
25-Sep-06,-0.0007
26-Sep-06,0.0003
27-Sep-06,0.0097
28-Sep-06,-0.005
29-Sep-06,-0.0083
2-Oct-06,-0.0022
3-Oct-06,-0.0063
4-Oct-06,0.0126
5-Oct-06,0.0174
6-Oct-06,-0.0067
9-Oct-06,-0.0025
10-Oct-06,0.0072
11-Oct-06,0.0044
12-Oct-06,0.0212
13-Oct-06,0.0027
16-Oct-06,-0.0053
17-Oct-06,-0.0077
18-Oct-06,0.0092
19-Oct-06,0.0043
20-Oct-06,0.0114
23-Oct-06,-0.0038
24-Oct-06,0.0012
25-Oct-06,0.0001
26-Oct-06,0.0062
27-Oct-06,-0.0052
30-Oct-06,-0.0004
31-Oct-06,-0.0001
1-Nov-06,0.0067
2-Nov-06,-0.0045
3-Nov-06,0.014
6-Nov-06,0.0075
7-Nov-06,0.0038
8-Nov-06,-0.005
9-Nov-06,0.005
10-Nov-06,0.0108
13-Nov-06,-0.0006
14-Nov-06,0.0053
15-Nov-06,0.0108
16-Nov-06,0.0007
17-Nov-06,-0.0043
20-Nov-06,-0.0112
21-Nov-06,0.0106
22-Nov-06,0.0019
23-Nov-06,-0.0001
24-Nov-06,-0.0038
27-Nov-06,-0.009
28-Nov-06,-0.0251
29-Nov-06,0.0156
30-Nov-06,-0.0063
1-Dec-06,0.0043
4-Dec-06,-0.0087
5-Dec-06,-0.0084
6-Dec-06,0.0041
7-Dec-06,0.0089
8-Dec-06,-0.0086
11-Dec-06,0.0062
12-Dec-06,0.0026
13-Dec-06,0.0146
14-Dec-06,-0.0013
15-Dec-06,0.015
18-Dec-06,-0.0021
19-Dec-06,-0.0082
20-Dec-06,0.0047
21-Dec-06,0.0029
22-Dec-06,-0.0052
27-Dec-06,0.0017
28-Dec-06,0.0029
29-Dec-06,-0.0003
2-Jan-07,0.0188
3-Jan-07,0.0077
4-Jan-07,0.0096
5-Jan-07,0.008
8-Jan-07,0.0102
9-Jan-07,-0.0036
10-Jan-07,-0.0185
11-Jan-07,0.0129
12-Jan-07,0.0132
15-Jan-07,0.005
16-Jan-07,-0.007
17-Jan-07,0.0001
18-Jan-07,0.0152
19-Jan-07,-0.0001
22-Jan-07,0.0004
23-Jan-07,-0.0087
24-Jan-07,0.0141
25-Jan-07,0.0005
26-Jan-07,-0.0028
29-Jan-07,0.0011
30-Jan-07,-0.0058
31-Jan-07,0.0066
1-Feb-07,0.0079
2-Feb-07,0.0054
5-Feb-07,0.0065
6-Feb-07,-0.0084
7-Feb-07,-0.0077
8-Feb-07,-0.0054
9-Feb-07,-0.0056
12-Feb-07,-0.0179
13-Feb-07,0.0112
14-Feb-07,0.0105
15-Feb-07,0.0085
16-Feb-07,-0.0046
20-Feb-07,0.0042
21-Feb-07,-0.0101
22-Feb-07,0.0133
23-Feb-07,0.0049
26-Feb-07,-0.0042
27-Feb-07,-0.0422
28-Feb-07,-0.0156
1-Mar-07,-0.0302
2-Mar-07,0.0002
5-Mar-07,-0.0071
6-Mar-07,0.0158
7-Mar-07,0.017
8-Mar-07,0.0085
9-Mar-07,0.0063
12-Mar-07,-0.0043
13-Mar-07,-0.0146
14-Mar-07,-0.021
15-Mar-07,0.0103
16-Mar-07,0.0191
19-Mar-07,0.0082
20-Mar-07,-0.0009
21-Mar-07,0.0054
22-Mar-07,0.0154
23-Mar-07,0.0059
26-Mar-07,0.008
27-Mar-07,-0.0185
28-Mar-07,-0.0103
29-Mar-07,0.0143
30-Mar-07,-0.0052
2-Apr-07,-0.0068
3-Apr-07,0.0068
4-Apr-07,0.0114
5-Apr-07,-0.0022
10-Apr-07,0.0083
11-Apr-07,0.0102
12-Apr-07,-0.0045
13-Apr-07,0.0106
16-Apr-07,0.0139
17-Apr-07,-0.0034
18-Apr-07,-0.0121
19-Apr-07,-0.0054
20-Apr-07,0.0132
23-Apr-07,-0.0059
24-Apr-07,-0.006
25-Apr-07,0.0116
26-Apr-07,0.0058
27-Apr-07,-0.0157
30-Apr-07,-0.0151
2-May-07,0.0058
3-May-07,-0.0013
4-May-07,0.0056
7-May-07,0.0035
8-May-07,-0.0173
9-May-07,0.0001
10-May-07,0.005
11-May-07,-0.003
14-May-07,0.0147
15-May-07,0.0147
16-May-07,0.0082
17-May-07,0.0009
18-May-07,0.0051
21-May-07,0.0005
22-May-07,-0.0029
23-May-07,0.0063
24-May-07,0.0019
25-May-07,-0.0032
29-May-07,0.0055
30-May-07,-0.0073
31-May-07,0.0149
1-Jun-07,-0.0027
4-Jun-07,-0.0137
5-Jun-07,-0.0023
6-Jun-07,-0.0045
7-Jun-07,-0.0075
8-Jun-07,0.0007
11-Jun-07,0.0004
12-Jun-07,-0.0062
13-Jun-07,-0.004
14-Jun-07,0.0062
15-Jun-07,0.0091
18-Jun-07,0.0019
19-Jun-07,-0.0062
20-Jun-07,0.0036
21-Jun-07,-0.0029
22-Jun-07,-0.005
25-Jun-07,-0.0063
26-Jun-07,-0.0031
27-Jun-07,-0.01
28-Jun-07,0.0085
29-Jun-07,0.0089
2-Jul-07,0.0035
3-Jul-07,0.0034
4-Jul-07,0.0075
5-Jul-07,0.006
6-Jul-07,0.0099
9-Jul-07,0.0073
10-Jul-07,-0.0135
11-Jul-07,-0.0002
12-Jul-07,0.0137
13-Jul-07,0.0172
16-Jul-07,-0.0027
17-Jul-07,-0.0048
18-Jul-07,0.003
19-Jul-07,0.0058
20-Jul-07,-0.0158
23-Jul-07,0.0064
24-Jul-07,-0.0084
25-Jul-07,0.0085
26-Jul-07,-0.0177
27-Jul-07,-0.0164
30-Jul-07,-0.0115
31-Jul-07,0.016
1-Aug-07,-0.0035
2-Aug-07,0.0011
3-Aug-07,-0.0108
6-Aug-07,-0.0133
7-Aug-07,-0.0007
8-Aug-07,0.0128
9-Aug-07,-0.0155
10-Aug-07,-0.0278
13-Aug-07,0.0102
14-Aug-07,0.0021
16-Aug-07,-0.0401
17-Aug-07,0.0348
20-Aug-07,-0.0014
21-Aug-07,0.0007
22-Aug-07,0.0166
23-Aug-07,0.0137
24-Aug-07,-0.0018
27-Aug-07,0.0042
28-Aug-07,0.0018
29-Aug-07,-0.0007
30-Aug-07,0.0064
31-Aug-07,0.0144
3-Sep-07,-0.0033
4-Sep-07,-0.0006
5-Sep-07,-0.0092
6-Sep-07,0.0013
7-Sep-07,-0.0124
10-Sep-07,-0.0036
11-Sep-07,0.008
12-Sep-07,-0.0027
13-Sep-07,0.01
14-Sep-07,0.0034
17-Sep-07,0.003
18-Sep-07,0.0074
19-Sep-07,0.011
20-Sep-07,-0.0014
21-Sep-07,0.0034
24-Sep-07,0.0033
25-Sep-07,-0.0016
26-Sep-07,0.015
27-Sep-07,-0.0004
28-Sep-07,0.0005
1-Oct-07,0.0014
2-Oct-07,0.0002
3-Oct-07,-0.0012
4-Oct-07,0.0022
5-Oct-07,0.0135
8-Oct-07,0.0046
9-Oct-07,0.007
10-Oct-07,0
11-Oct-07,0.0072
12-Oct-07,0.0021
15-Oct-07,-0.0003
16-Oct-07,-0.0173
17-Oct-07,0.0055
18-Oct-07,-0.0123
19-Oct-07,0.0034
22-Oct-07,-0.0154
23-Oct-07,0.0202
24-Oct-07,0.0015
25-Oct-07,0.0095
26-Oct-07,0.0056
29-Oct-07,0.0039
30-Oct-07,0.006
31-Oct-07,0.0037
1-Nov-07,-0.0131
2-Nov-07,0.0055
5-Nov-07,-0.0063
6-Nov-07,0.0132
7-Nov-07,-0.0009
8-Nov-07,-0.0165
9-Nov-07,-0.0182
12-Nov-07,-0.0076
13-Nov-07,0.0005
14-Nov-07,0.0106
15-Nov-07,-0.0131
16-Nov-07,-0.0037
19-Nov-07,-0.0197
20-Nov-07,-0.0055
21-Nov-07,-0.0344
22-Nov-07,-0.0003
23-Nov-07,0.0234
26-Nov-07,-0.0011
27-Nov-07,-0.0083
28-Nov-07,0.0193
29-Nov-07,0.007
30-Nov-07,0.0211
3-Dec-07,-0.0031
4-Dec-07,-0.0153
5-Dec-07,0.0198
6-Dec-07,0.0069
7-Dec-07,-0.0012
10-Dec-07,0.0056
11-Dec-07,0.002
12-Dec-07,0.0056
13-Dec-07,-0.0197
14-Dec-07,-0.0082
17-Dec-07,-0.0259
18-Dec-07,0.0127
19-Dec-07,0.0051
20-Dec-07,0.015
21-Dec-07,0.0105
24-Dec-07,0.0007
27-Dec-07,0.0046
28-Dec-07,0.0008
31-Dec-07,0.004
2-Jan-08,0.0037
3-Jan-08,-0.0175
4-Jan-08,-0.004
7-Jan-08,-0.0003
8-Jan-08,0.0081
9-Jan-08,-0.0141
10-Jan-08,-0.0219
11-Jan-08,-0.0187
14-Jan-08,0
15-Jan-08,-0.041
16-Jan-08,-0.03
17-Jan-08,0.0036
18-Jan-08,0.0132
21-Jan-08,-0.06
22-Jan-08,-0.0105
23-Jan-08,-0.0409
24-Jan-08,0.0817
25-Jan-08,0.0216
28-Jan-08,-0.0221
29-Jan-08,0.013
30-Jan-08,-0.0061
31-Jan-08,-0.03
1-Feb-08,0.0194
4-Feb-08,0.0122
5-Feb-08,-0.0227
6-Feb-08,-0.0079
7-Feb-08,0.0027
8-Feb-08,-0.0128
11-Feb-08,-0.0106
12-Feb-08,0.0178
13-Feb-08,-0.0001
14-Feb-08,0.0144
15-Feb-08,-0.0264
18-Feb-08,-0.0013
19-Feb-08,0.0098
20-Feb-08,-0.0199
21-Feb-08,0.0174
22-Feb-08,-0.0021
25-Feb-08,0.0042
26-Feb-08,-0.0016
27-Feb-08,-0.0122
28-Feb-08,-0.0331
29-Feb-08,-0.0193
3-Mar-08,-0.0258
6-Mar-08,-0.016
7-Mar-08,-0.0146
11-Mar-08,0.021
12-Mar-08,0.0177
13-Mar-08,-0.041
14-Mar-08,0.0102
17-Mar-08,-0.0371
18-Mar-08,0.026
19-Mar-08,-0.0102
20-Mar-08,-0.022
26-Mar-08,0.0154
27-Mar-08,0.0311
28-Mar-08,0.0196
31-Mar-08,-0.0037
1-Apr-08,0.0257
2-Apr-08,0.032
3-Apr-08,-0.018
4-Apr-08,0.0051
7-Apr-08,0.0165
8-Apr-08,-0.0226
9-Apr-08,0.0107
10-Apr-08,-0.021
11-Apr-08,-0.0196
14-Apr-08,-0.0189
15-Apr-08,0.0032
16-Apr-08,-0.0003
17-Apr-08,0.0055
18-Apr-08,0.0399
21-Apr-08,-0.0172
22-Apr-08,0.0071
23-Apr-08,0.0004
24-Apr-08,0.0038
29-Apr-08,0.0199
30-Apr-08,0.0275
2-May-08,0.0287
5-May-08,-0.0065
6-May-08,-0.0147
7-May-08,0.0104
8-May-08,0.0015
9-May-08,-0.0187
12-May-08,-0.0029
13-May-08,0.0173
14-May-08,0.0013
15-May-08,0.0011
16-May-08,-0.0097
19-May-08,0.0072
20-May-08,-0.0232
21-May-08,-0.0079
22-May-08,-0.0161
23-May-08,-0.0075
26-May-08,-0.0135
27-May-08,-0.0008
28-May-08,0.0276
29-May-08,0.0023
30-May-08,0.0282
2-Jun-08,-0.006
3-Jun-08,0.0058
4-Jun-08,-0.0168
5-Jun-08,0.0027
6-Jun-08,-0.0046
9-Jun-08,-0.0255
10-Jun-08,-0.0202
11-Jun-08,-0.011
12-Jun-08,-0.0122
13-Jun-08,-0.0214
17-Jun-08,-0.0054
18-Jun-08,-0.0113
19-Jun-08,-0.0068
20-Jun-08,-0.008
23-Jun-08,-0.0298
24-Jun-08,-0.0098
25-Jun-08,0.0354
26-Jun-08,-0.0272
27-Jun-08,-0.0174
30-Jun-08,0.0042
1-Jul-08,-0.0482
2-Jul-08,-0.0286
3-Jul-08,0.0408
4-Jul-08,0.0011
7-Jul-08,0.0158
8-Jul-08,-0.0178
9-Jul-08,0.0405
10-Jul-08,-0.014
11-Jul-08,-0.0281
14-Jul-08,0.0132
15-Jul-08,-0.0468
16-Jul-08,-0.0051
17-Jul-08,0.0681
18-Jul-08,0.0304
21-Jul-08,0.0132
22-Jul-08,-0.022
23-Jul-08,0.044
24-Jul-08,0.0054
25-Jul-08,-0.0334
28-Jul-08,0.0018
29-Jul-08,-0.0133
30-Jul-08,0.0072
31-Jul-08,-0.0049
1-Aug-08,-0.0064
4-Aug-08,-0.0041
5-Aug-08,0.0267
6-Aug-08,-0.0015
7-Aug-08,-0.0058
8-Aug-08,-0.031
11-Aug-08,-0.001
12-Aug-08,0.0065
13-Aug-08,-0.0225
14-Aug-08,0.0032
18-Aug-08,0.0208
19-Aug-08,-0.0085
20-Aug-08,-0.0046
21-Aug-08,-0.0154
22-Aug-08,0.0118
25-Aug-08,0.0025
26-Aug-08,-0.0153
27-Aug-08,-0.0061
28-Aug-08,0.011
29-Aug-08,0.0124
1-Sep-08,-0.0074
2-Sep-08,0.0281
3-Sep-08,-0.0161
4-Sep-08,-0.0256
5-Sep-08,-0.0249
8-Sep-08,0.0516
9-Sep-08,0.0021
10-Sep-08,-0.0251
11-Sep-08,-0.0323
12-Sep-08,-0.0047
15-Sep-08,-0.0434
16-Sep-08,-0.0214
17-Sep-08,0.0059
18-Sep-08,-0.0074
19-Sep-08,0.1064
22-Sep-08,-0.012
23-Sep-08,-0.0406
24-Sep-08,0.0042
25-Sep-08,0.0041
26-Sep-08,-0.0197
29-Sep-08,-0.0625
30-Sep-08,0.0087
1-Oct-08,-0.0032
2-Oct-08,0.0092
3-Oct-08,-0.0097
6-Oct-08,-0.0608
7-Oct-08,-0.0036
8-Oct-08,-0.0515
9-Oct-08,-0.0012
10-Oct-08,-0.0534
13-Oct-08,0.0578
14-Oct-08,0.0269
15-Oct-08,-0.0753
16-Oct-08,-0.0582
17-Oct-08,-0.074
20-Oct-08,0.0027
21-Oct-08,0.006
22-Oct-08,-0.0641
23-Oct-08,-0.0611
24-Oct-08,-0.0933
27-Oct-08,0.0477
29-Oct-08,0.1082
30-Oct-08,0.0194
31-Oct-08,0.0181
3-Nov-08,0.0247
4-Nov-08,0.0591
5-Nov-08,-0.0067
6-Nov-08,-0.0734
7-Nov-08,0.0239
10-Nov-08,0.0426
11-Nov-08,-0.0728
12-Nov-08,-0.0243
13-Nov-08,-0.0194
14-Nov-08,0.0128
17-Nov-08,-0.0494
18-Nov-08,-0.0058
19-Nov-08,-0.0152
20-Nov-08,-0.0468
21-Nov-08,0.0052
24-Nov-08,0.0208
25-Nov-08,0.0227
26-Nov-08,-0.0217
27-Nov-08,0.0171
28-Nov-08,0.0056
1-Dec-08,-0.0282
2-Dec-08,-0.0122
3-Dec-08,-0.0031
4-Dec-08,0.003
5-Dec-08,-0.0326
8-Dec-08,0.0368
9-Dec-08,-0.0028
10-Dec-08,-0.0143
11-Dec-08,0.0018
12-Dec-08,-0.0128
15-Dec-08,-0.0201
16-Dec-08,-0.0164
17-Dec-08,0.0077
18-Dec-08,-0.009
19-Dec-08,-0.006
22-Dec-08,-0.0113
23-Dec-08,0.0101
24-Dec-08,0.002
29-Dec-08,0.0209
30-Dec-08,0.0452
31-Dec-08,-0.0158
2-Jan-09,0.0112
5-Jan-09,0.0259
7-Jan-09,0.0323
8-Jan-09,-0.0012
9-Jan-09,-0.0149
12-Jan-09,-0.0152
13-Jan-09,-0.0159
14-Jan-09,-0.0555
15-Jan-09,-0.022
16-Jan-09,0.0299
19-Jan-09,-0.0608
20-Jan-09,-0.0056
21-Jan-09,0.0373
22-Jan-09,-0.0246
23-Jan-09,-0.0039
26-Jan-09,0.0218
27-Jan-09,0.0094
28-Jan-09,0.0259
29-Jan-09,-0.0123
30-Jan-09,0.0323
2-Feb-09,-0.0363
3-Feb-09,0.0037
4-Feb-09,0.0092
5-Feb-09,-0.0224
6-Feb-09,0.0273
9-Feb-09,0.0004
10-Feb-09,-0.0043
11-Feb-09,-0.0147
12-Feb-09,-0.0089
13-Feb-09,-0.0036
16-Feb-09,-0.0214
17-Feb-09,-0.0542
18-Feb-09,-0.0063
19-Feb-09,0.0157
20-Feb-09,-0.012
23-Feb-09,-0.0419
24-Feb-09,-0.0003
25-Feb-09,-0.0233
26-Feb-09,0.0119
27-Feb-09,-0.0111
3-Mar-09,-0.018
4-Mar-09,-0.0082
5-Mar-09,-0.0184
6-Mar-09,-0.0036
9-Mar-09,-0.0015
10-Mar-09,0.0678
11-Mar-09,-0.0105
12-Mar-09,0.0116
13-Mar-09,-0.0018
16-Mar-09,0.0219
17-Mar-09,-0.0014
18-Mar-09,-0.005
19-Mar-09,0.0363
20-Mar-09,0.0216
23-Mar-09,0.0314
24-Mar-09,0.0011
26-Mar-09,0.0201
27-Mar-09,-0.0333
30-Mar-09,-0.0305
31-Mar-09,0.041
1-Apr-09,-0.0026
2-Apr-09,0.0509
3-Apr-09,0.0046
6-Apr-09,-0.0102
7-Apr-09,-0.0068
8-Apr-09,0.0526
9-Apr-09,0.0454
14-Apr-09,0.0079
15-Apr-09,0.0104
16-Apr-09,0.0261
21-Apr-09,-0.0556
22-Apr-09,0.0079
23-Apr-09,0.0023
24-Apr-09,0.0131
27-Apr-09,-0.0028
28-Apr-09,-0.0112
29-Apr-09,0.0476
30-Apr-09,0.0438
4-May-09,0.025
5-May-09,0.0398
6-May-09,0.0135
7-May-09,-0.026
8-May-09,0.0041
11-May-09,0.0028
12-May-09,0.0216
13-May-09,-0.0376
14-May-09,-0.0048
15-May-09,0.0169
18-May-09,0.012
19-May-09,0.0475
20-May-09,0.028
21-May-09,-0.0295
22-May-09,0.0131
25-May-09,-0.0058
26-May-09,-0.0202
27-May-09,0.0263
28-May-09,0.0066
29-May-09,0.0167
1-Jun-09,0.0419
2-Jun-09,-0.0024
3-Jun-09,-0.0176
4-Jun-09,-0.0331
5-Jun-09,0.0121
9-Jun-09,-0.025
10-Jun-09,0.0291
11-Jun-09,0.0047
12-Jun-09,0.0066
15-Jun-09,-0.0058
16-Jun-09,-0.0521
17-Jun-09,-0.0538
18-Jun-09,0.0147
19-Jun-09,0.0294
22-Jun-09,-0.0437
23-Jun-09,0.0112
24-Jun-09,0.0124
25-Jun-09,-0.0158
26-Jun-09,-0.0085
29-Jun-09,0.0038
30-Jun-09,0.0231
1-Jul-09,0.0097
2-Jul-09,-0.0143
3-Jul-09,-0.0016
6-Jul-09,-0.0128
7-Jul-09,0.0094
8-Jul-09,-0.0197
9-Jul-09,-0.0024
10-Jul-09,-0.0257
13-Jul-09,-0.0001
14-Jul-09,0.0408
15-Jul-09,0.0115
16-Jul-09,0.0145
17-Jul-09,0.0093
20-Jul-09,0.0259
21-Jul-09,-0.0046
22-Jul-09,-0.0038
23-Jul-09,0.0139
24-Jul-09,0.0179
27-Jul-09,0.0083
28-Jul-09,-0.0271
29-Jul-09,-0.0085
30-Jul-09,0.0375
31-Jul-09,0.0038
3-Aug-09,0.0301
4-Aug-09,0.0084
5-Aug-09,-0.0156
6-Aug-09,0.0061
7-Aug-09,-0.0066
10-Aug-09,-0.0212
11-Aug-09,-0.0324
12-Aug-09,0.0115
13-Aug-09,0.0166
14-Aug-09,0.0118
17-Aug-09,-0.0177
18-Aug-09,0.0115
19-Aug-09,0.0103
20-Aug-09,0.0254
21-Aug-09,0.0417
24-Aug-09,0.004
25-Aug-09,0.0069
26-Aug-09,0.0203
27-Aug-09,0
28-Aug-09,-0.0083
31-Aug-09,-0.0365
1-Sep-09,0.0237
2-Sep-09,-0.0121
3-Sep-09,-0.0253
4-Sep-09,0.0029
7-Sep-09,0.0345
8-Sep-09,0.0042
9-Sep-09,0.0085
10-Sep-09,-0.0097
11-Sep-09,0.0043
14-Sep-09,-0.0273
15-Sep-09,0.0276
16-Sep-09,0.0037
17-Sep-09,-0.0023
18-Sep-09,0.003
21-Sep-09,-0.0103
22-Sep-09,0.0195
23-Sep-09,0.0222
24-Sep-09,-0.0018
25-Sep-09,0.0013
28-Sep-09,0.0193
29-Sep-09,0.0104
30-Sep-09,-0.0046
1-Oct-09,-0.0051
2-Oct-09,-0.0249
5-Oct-09,-0.006
6-Oct-09,0.0452
7-Oct-09,0.0021
8-Oct-09,0.0214
9-Oct-09,0.0051
12-Oct-09,0.0326
13-Oct-09,-0.0073
14-Oct-09,0.0369
15-Oct-09,-0.0001
16-Oct-09,-0.0263
19-Oct-09,0.0134
20-Oct-09,0.0108
21-Oct-09,-0.013
22-Oct-09,-0.0201
23-Oct-09,0.0112
26-Oct-09,-0.0222
27-Oct-09,-0.0286
29-Oct-09,-0.0152
30-Oct-09,0.0058
2-Nov-09,-0.0167
3-Nov-09,-0.0258
4-Nov-09,0.0323
5-Nov-09,0.017
6-Nov-09,0.008
9-Nov-09,-0.0078
10-Nov-09,-0.0187
11-Nov-09,0.0018
12-Nov-09,-0.0146
13-Nov-09,-0.0145
16-Nov-09,-0.0394
17-Nov-09,0.0016
18-Nov-09,0.0149
19-Nov-09,-0.0137
20-Nov-09,-0.0404
23-Nov-09,0.0181
24-Nov-09,-0.0103
25-Nov-09,-0.0279
26-Nov-09,-0.0726
27-Nov-09,0.0179
30-Nov-09,0.0037
1-Dec-09,0.0829
2-Dec-09,0.0059
3-Dec-09,-0.0367
4-Dec-09,0.0101
7-Dec-09,-0.037
8-Dec-09,-0.0707
9-Dec-09,-0.0396
10-Dec-09,0.0596
11-Dec-09,-0.0347
14-Dec-09,0.0352
15-Dec-09,-0.0261
16-Dec-09,0.0319
17-Dec-09,-0.014
18-Dec-09,-0.017
21-Dec-09,-0.0221
22-Dec-09,0.0491
23-Dec-09,0.0003
28-Dec-09,0.0001
29-Dec-09,-0.0068
30-Dec-09,-0.0056
31-Dec-09,0.0028
4-Jan-10,-0.0065
5-Jan-10,0.0492
7-Jan-10,0.0156
8-Jan-10,0.0097
11-Jan-10,-0.0074
12-Jan-10,-0.057
13-Jan-10,-0.018
14-Jan-10,0.0081
15-Jan-10,-0.0271
18-Jan-10,-0.0269
19-Jan-10,0.0066
20-Jan-10,-0.0395
21-Jan-10,-0.0069
22-Jan-10,0.0166
25-Jan-10,0.0339
26-Jan-10,-0.0231
27-Jan-10,-0.0468
28-Jan-10,0.0071
29-Jan-10,0.0385
1-Feb-10,-0.006
2-Feb-10,0.0078
3-Feb-10,-0.0211
4-Feb-10,-0.0389
5-Feb-10,-0.0403
8-Feb-10,-0.0458
9-Feb-10,0.0593
10-Feb-10,0.0284
11-Feb-10,-0.0071
12-Feb-10,-0.0323
16-Feb-10,-0.0131
17-Feb-10,-0.0053
18-Feb-10,0.0158
19-Feb-10,0.0276
22-Feb-10,0.0203
23-Feb-10,-0.024
24-Feb-10,0.0037
25-Feb-10,-0.0371
26-Feb-10,0.031
1-Mar-10,0.0327
2-Mar-10,0.0284
3-Mar-10,-0.0096
4-Mar-10,0.0158
5-Mar-10,0.0217
8-Mar-10,0.0006
9-Mar-10,-0.002
10-Mar-10,0.0314
11-Mar-10,-0.0079
12-Mar-10,-0.0037
15-Mar-10,0.0028
16-Mar-10,-0.0041
17-Mar-10,-0.0168
18-Mar-10,-0.043
19-Mar-10,0.0181
22-Mar-10,-0.0216
23-Mar-10,0.0209
24-Mar-10,0.0078
26-Mar-10,0.0555
29-Mar-10,-0.0092
30-Mar-10,-0.0219
31-Mar-10,-0.0165
1-Apr-10,0.0143
6-Apr-10,-0.0278
7-Apr-10,-0.0306
8-Apr-10,-0.0392
9-Apr-10,0.0459
12-Apr-10,0.0399
13-Apr-10,-0.0285
14-Apr-10,-0.0205
15-Apr-10,0.0298
16-Apr-10,-0.0223
19-Apr-10,-0.0247
20-Apr-10,0.0098
21-Apr-10,-0.0185
22-Apr-10,-0.0439
23-Apr-10,-0.0004
26-Apr-10,-0.0265
27-Apr-10,-0.0685
28-Apr-10,0.0094
29-Apr-10,0.0883
30-Apr-10,0.0207
3-May-10,-0.0112
4-May-10,-0.0735
5-May-10,-0.0389
6-May-10,0.0139
7-May-10,-0.0312
10-May-10,0.1051
11-May-10,-0.0319
12-May-10,0.0073
13-May-10,-0.0231
14-May-10,-0.041
17-May-10,-0.0159
18-May-10,-0.0062
19-May-10,0.0087
20-May-10,-0.0385
21-May-10,0.0102
25-May-10,-0.037
26-May-10,0.0376
27-May-10,-0.0121
28-May-10,-0.0068
31-May-10,-0.0152
1-Jun-10,-0.0196
2-Jun-10,0.0063
3-Jun-10,0.0219
4-Jun-10,-0.0556
7-Jun-10,-0.0585
8-Jun-10,0.0034
9-Jun-10,0.0432
10-Jun-10,0.0071
11-Jun-10,0.0095
14-Jun-10,0.0427
15-Jun-10,-0.0105
16-Jun-10,-0.0086
17-Jun-10,-0.0063
18-Jun-10,0.0196
21-Jun-10,0.0332
22-Jun-10,-0.0208
23-Jun-10,-0.0309
24-Jun-10,-0.0416
25-Jun-10,-0.0056
28-Jun-10,-0.0107
29-Jun-10,-0.0121
30-Jun-10,0.0032
1-Jul-10,0.0148
2-Jul-10,0.0005
5-Jul-10,-0.0019
6-Jul-10,0.043
7-Jul-10,-0.008
8-Jul-10,0.0279
9-Jul-10,-0.0016
12-Jul-10,0.0024
13-Jul-10,0.0314
14-Jul-10,0.0046
15-Jul-10,0.0358
16-Jul-10,0.0061
19-Jul-10,0.0129
20-Jul-10,-0.0347
21-Jul-10,-0.0059
22-Jul-10,0.0337
23-Jul-10,-0.0156
26-Jul-10,0.0312
27-Jul-10,0.053
28-Jul-10,-0.0072
29-Jul-10,0.01
30-Jul-10,-0.0232
2-Aug-10,0.0485
3-Aug-10,0.0082
4-Aug-10,0.0038
5-Aug-10,-0.0222
6-Aug-10,-0.0225
9-Aug-10,-0.0062
10-Aug-10,-0.0276
11-Aug-10,-0.0113
12-Aug-10,-0.0129
13-Aug-10,-0.0016
16-Aug-10,0.006
17-Aug-10,0.0368
18-Aug-10,-0.0111
19-Aug-10,-0.0133
20-Aug-10,-0.0372
23-Aug-10,0.0081
24-Aug-10,-0.0339
25-Aug-10,-0.0242
26-Aug-10,0.024
27-Aug-10,0.0021
30-Aug-10,0.0064
31-Aug-10,-0.0024
1-Sep-10,0.0141
2-Sep-10,0.0309
3-Sep-10,0.0296
6-Sep-10,0.0093
7-Sep-10,-0.0375
8-Sep-10,-0.025
9-Sep-10,0.0175
10-Sep-10,-0.0154
13-Sep-10,-0.0017
14-Sep-10,-0.0194
15-Sep-10,-0.0053
16-Sep-10,-0.0106
17-Sep-10,-0.0051
20-Sep-10,-0.0252
21-Sep-10,0.0165
22-Sep-10,0.0043
23-Sep-10,-0.0089
24-Sep-10,0.008
27-Sep-10,-0.0163
28-Sep-10,-0.0243
29-Sep-10,-0.0023
30-Sep-10,0.0016
1-Oct-10,-0.0046
4-Oct-10,0.0195
5-Oct-10,0.0148
6-Oct-10,0.0389
7-Oct-10,0.0034
8-Oct-10,-0.0208
11-Oct-10,0.0185
12-Oct-10,-0.0026
13-Oct-10,0.0312
14-Oct-10,-0.0317
15-Oct-10,0.0038
18-Oct-10,0.0027
19-Oct-10,0.012
20-Oct-10,0.0115
21-Oct-10,-0.0064
22-Oct-10,0.0129
25-Oct-10,0.0209
26-Oct-10,-0.0212
27-Oct-10,-0.0198
29-Oct-10,-0.0231
1-Nov-10,-0.0328
2-Nov-10,0.0065
3-Nov-10,-0.0018
4-Nov-10,-0.0159
5-Nov-10,0.0061
8-Nov-10,0.0158
9-Nov-10,0.0093
10-Nov-10,-0.0278
11-Nov-10,-0.0112
12-Nov-10,0.0052
15-Nov-10,0.0027
16-Nov-10,-0.0132
17-Nov-10,-0.0182
18-Nov-10,0.0285
19-Nov-10,-0.008
22-Nov-10,-0.0245
23-Nov-10,-0.0087
24-Nov-10,0.0024
25-Nov-10,-0.0101
26-Nov-10,-0.002
29-Nov-10,-0.0188
30-Nov-10,0.0111
1-Dec-10,0.0481
2-Dec-10,-0.0013
3-Dec-10,0.004
6-Dec-10,0.0087
7-Dec-10,0.0275
8-Dec-10,-0.0027
9-Dec-10,0.0128
10-Dec-10,-0.0256
13-Dec-10,-0.0084
14-Dec-10,0.0063
15-Dec-10,-0.0136
16-Dec-10,0.0018
17-Dec-10,0.006
20-Dec-10,-0.0392
21-Dec-10,0.0038
22-Dec-10,-0.0103
23-Dec-10,-0.0073
27-Dec-10,-0.0291
28-Dec-10,0.007
29-Dec-10,0.0121
30-Dec-10,-0.0033
31-Dec-10,-0.0059
3-Jan-11,0.0038
4-Jan-11,-0.0206
5-Jan-11,-0.0182
7-Jan-11,0.0111
10-Jan-11,-0.035
11-Jan-11,0.0184
12-Jan-11,0.0595
13-Jan-11,0.0045
14-Jan-11,0.0042
17-Jan-11,0.0016
18-Jan-11,-0.0124
19-Jan-11,0.048
20-Jan-11,0.0268
21-Jan-11,-0.0063
24-Jan-11,0.0084
25-Jan-11,-0.0122
26-Jan-11,0.0176
27-Jan-11,0.0001
28-Jan-11,0.0134
31-Jan-11,0.0024
1-Feb-11,0.0535
2-Feb-11,0.0009
3-Feb-11,0.0106
4-Feb-11,-0.0121
7-Feb-11,-0.0088
8-Feb-11,0.0111
9-Feb-11,0.0158
10-Feb-11,-0.0387
11-Feb-11,-0.0059
14-Feb-11,0.0139
15-Feb-11,-0.0179
16-Feb-11,-0.0018
17-Feb-11,0.0287
18-Feb-11,0.0435
21-Feb-11,-0.0305
22-Feb-11,-0.0316
23-Feb-11,0.0097
24-Feb-11,-0.0234
25-Feb-11,-0.0105
28-Feb-11,-0.0093
1-Mar-11,-0.004
2-Mar-11,-0.0063
3-Mar-11,0.0087
4-Mar-11,-0.0004
8-Mar-11,-0.0453
9-Mar-11,0.0135
10-Mar-11,0.004
11-Mar-11,0.0271
14-Mar-11,0.0624
15-Mar-11,-0.0449
16-Mar-11,0.014
17-Mar-11,0.0074
18-Mar-11,-0.0165
21-Mar-11,0.0112
22-Mar-11,-0.0048
23-Mar-11,-0.0175
24-Mar-11,0.0244
28-Mar-11,-0.0085
29-Mar-11,-0.0244
30-Mar-11,-0.0178
31-Mar-11,-0.0156
1-Apr-11,-0.0076
4-Apr-11,-0.0259
5-Apr-11,-0.0014
6-Apr-11,0.0308
7-Apr-11,0.0198
8-Apr-11,-0.018
11-Apr-11,-0.0314
12-Apr-11,0.0109
13-Apr-11,0.0195
14-Apr-11,-0.0341
15-Apr-11,-0.0119
18-Apr-11,-0.037
19-Apr-11,0.0102
20-Apr-11,-0.0302
21-Apr-11,0.0222
26-Apr-11,-0.0045
27-Apr-11,-0.0221
28-Apr-11,0.0003
29-Apr-11,0.0311
2-May-11,-0.0046
3-May-11,-0.0142
4-May-11,-0.0211
5-May-11,-0.0083
6-May-11,-0.0066
9-May-11,-0.0217
10-May-11,0.0229
11-May-11,0.01
12-May-11,-0.0248
13-May-11,0.0038
16-May-11,-0.0261
17-May-11,0.0204
18-May-11,-0.0173
19-May-11,-0.006
20-May-11,-0.021
23-May-11,-0.015
24-May-11,0.004
25-May-11,0.011
26-May-11,-0.0042
27-May-11,-0.0205
30-May-11,-0.0241
31-May-11,0.0683
1-Jun-11,-0.0152
2-Jun-11,-0.0099
3-Jun-11,0.0567
6-Jun-11,-0.0101
7-Jun-11,-0.0255
8-Jun-11,-0.0383
9-Jun-11,0.0058
10-Jun-11,-0.0112
14-Jun-11,0.0129
15-Jun-11,-0.0214
16-Jun-11,-0.0287
17-Jun-11,0.0506
20-Jun-11,-0.0252
21-Jun-11,0.0464
22-Jun-11,-0.0113
23-Jun-11,-0.028
24-Jun-11,-0.0087
27-Jun-11,0.0006
28-Jun-11,0.0326
29-Jun-11,-0.0001
30-Jun-11,0.0142
1-Jul-11,0.0318
4-Jul-11,-0.0009
5-Jul-11,-0.0187
6-Jul-11,-0.0267
7-Jul-11,-0.0034
8-Jul-11,-0.0145
11-Jul-11,-0.0348
12-Jul-11,-0.0052
13-Jul-11,-0.029
14-Jul-11,-0.005
15-Jul-11,-0.0122
18-Jul-11,-0.0026
19-Jul-11,0.0142
20-Jul-11,-0.0003
21-Jul-11,0.0379
22-Jul-11,0.0751
25-Jul-11,-0.0186
26-Jul-11,-0.0379
27-Jul-11,-0.0052
28-Jul-11,-0.0208
29-Jul-11,-0.0052
1-Aug-11,-0.0208
2-Aug-11,-0.0337
3-Aug-11,-0.0412
4-Aug-11,-0.015
5-Aug-11,-0.0235
8-Aug-11,-0.0584
9-Aug-11,0.0042
10-Aug-11,-0.0163
11-Aug-11,-0.0059
12-Aug-11,0.0114
16-Aug-11,0.0172
17-Aug-11,-0.0062
18-Aug-11,-0.0391
19-Aug-11,-0.0146
22-Aug-11,-0.0238
23-Aug-11,-0.0419
24-Aug-11,-0.0203
25-Aug-11,-0.0099
26-Aug-11,-0.0198
29-Aug-11,0.1779
30-Aug-11,-0.0549
31-Aug-11,-0.0511
1-Sep-11,0.0119
2-Sep-11,-0.0461
5-Sep-11,-0.0374
6-Sep-11,-0.0078
7-Sep-11,0.1004
8-Sep-11,-0.0553
9-Sep-11,0.0047
12-Sep-11,-0.051
13-Sep-11,-0.001
14-Sep-11,0.0209
15-Sep-11,-0.0082
16-Sep-11,0.0254
19-Sep-11,-0.0215
20-Sep-11,-0.0072
21-Sep-11,0.007
22-Sep-11,-0.0323
23-Sep-11,-0.0488
26-Sep-11,-0.026
27-Sep-11,0.0107
28-Sep-11,0.0344
29-Sep-11,-0.0153
30-Sep-11,-0.0039
3-Oct-11,-0.0378
4-Oct-11,-0.0761
5-Oct-11,0.0083
6-Oct-11,0.0073
7-Oct-11,0.0075
10-Oct-11,-0.0187
11-Oct-11,-0.0392
12-Oct-11,0.0623
13-Oct-11,0.0172
14-Oct-11,0.0023
17-Oct-11,-0.0406
18-Oct-11,-0.0205
19-Oct-11,0.0051
20-Oct-11,0.0162
21-Oct-11,0.0619
24-Oct-11,-0.067
25-Oct-11,0.0117
26-Oct-11,0.029
27-Oct-11,0.0515
31-Oct-11,-0.0139
1-Nov-11,-0.0814
2-Nov-11,-0.0016
3-Nov-11,0.0283
4-Nov-11,-0.0105
7-Nov-11,0.0171
8-Nov-11,0.0351
9-Nov-11,-0.0275
10-Nov-11,-0.0084
11-Nov-11,-0.0031
14-Nov-11,0.0127
15-Nov-11,-0.0471
16-Nov-11,-0.0348
17-Nov-11,0.0153
18-Nov-11,-0.0235
21-Nov-11,-0.0404
22-Nov-11,-0.0029
23-Nov-11,-0.008
24-Nov-11,-0.0029
25-Nov-11,-0.0046
28-Nov-11,0.0112
29-Nov-11,-0.0034
30-Nov-11,0.0391
1-Dec-11,-0.0237
2-Dec-11,0.0335
5-Dec-11,0.0031
6-Dec-11,-0.0238
7-Dec-11,0.0106
8-Dec-11,-0.016
9-Dec-11,-0.0057
12-Dec-11,-0.0294
13-Dec-11,-0.0081
14-Dec-11,-0.0032
15-Dec-11,0.0015
16-Dec-11,-0.0114
19-Dec-11,-0.0146
20-Dec-11,0.0232
21-Dec-11,-0.0005
22-Dec-11,-0.0016
23-Dec-11,0.0164
27-Dec-11,0.0124
28-Dec-11,-0.0042
29-Dec-11,0.0036
30-Dec-11,0.0221
2-Jan-12,-0.0144
3-Jan-12,-0.0252
4-Jan-12,-0.0024
5-Jan-12,-0.0265
9-Jan-12,-0.0217
10-Jan-12,-0.0172
11-Jan-12,0.0133
12-Jan-12,0.0115
13-Jan-12,0.0199
16-Jan-12,0.0093
17-Jan-12,0.0117
18-Jan-12,0.0281
19-Jan-12,0.0319
20-Jan-12,0.0347
23-Jan-12,0.059
24-Jan-12,-0.065
25-Jan-12,0.0608
26-Jan-12,0.0664
27-Jan-12,-0.0139
30-Jan-12,0.0113
31-Jan-12,0.0881
1-Feb-12,-0.0006
2-Feb-12,-0.0097
3-Feb-12,-0.0587
6-Feb-12,0.0479
7-Feb-12,0.0317
8-Feb-12,0.0021
9-Feb-12,0.01
10-Feb-12,-0.0468
13-Feb-12,0.0622
14-Feb-12,-0.0181
15-Feb-12,-0.0695
16-Feb-12,0.0187
17-Feb-12,0.0669
20-Feb-12,0.0042
21-Feb-12,-0.0525
22-Feb-12,-0.0725
23-Feb-12,-0.0096
24-Feb-12,0.0067
28-Feb-12,-0.0395
29-Feb-12,0.041
1-Mar-12,0.0024
2-Mar-12,0.0005
5-Mar-12,-0.0293
6-Mar-12,0.0421
7-Mar-12,-0.0122
8-Mar-12,0.0278
9-Mar-12,-0.0249
12-Mar-12,-0.035
13-Mar-12,0.0007
14-Mar-12,0.0047
15-Mar-12,0.0096
16-Mar-12,0.0209
19-Mar-12,0.0255
20-Mar-12,0.003
21-Mar-12,-0.0271
22-Mar-12,-0.0062
23-Mar-12,0.0064
26-Mar-12,-0.011
27-Mar-12,-0.0304
28-Mar-12,-0.0057
29-Mar-12,-0.0266
30-Mar-12,-0.0077
2-Apr-12,-0.0328
3-Apr-12,-0.0067
4-Apr-12,-0.0128
5-Apr-12,0.0084
10-Apr-12,0.0658
11-Apr-12,-0.0179
12-Apr-12,-0.0109
17-Apr-12,0.0065
18-Apr-12,0.0036
19-Apr-12,-0.0261
20-Apr-12,0.0016
23-Apr-12,-0.0215
24-Apr-12,-0.0065
25-Apr-12,0.0029
26-Apr-12,-0.0057
27-Apr-12,-0.0009
30-Apr-12,0.003
2-May-12,-0.0259
3-May-12,0.0039
4-May-12,0.0064
7-May-12,-0.0796
8-May-12,-0.0444
9-May-12,-0.0081
10-May-12,0.0622
11-May-12,-0.0515
14-May-12,-0.0427
15-May-12,-0.0425
16-May-12,-0.0291
17-May-12,-0.0379
18-May-12,0.031
21-May-12,-0.0082
22-May-12,-0.015
23-May-12,-0.0216
24-May-12,-0.0529
25-May-12,-0.0343
28-May-12,0.068
29-May-12,0.0087
30-May-12,-0.0368
31-May-12,0.018
1-Jun-12,-0.0519
5-Jun-12,-0.0511
6-Jun-12,0.0075
7-Jun-12,0.0373
8-Jun-12,0.0002
11-Jun-12,0.0173
12-Jun-12,-0.0143
13-Jun-12,0.0275
14-Jun-12,0.1255
15-Jun-12,0.0381
18-Jun-12,0.0429
19-Jun-12,0.0321
20-Jun-12,-0.0135
21-Jun-12,0.0209
22-Jun-12,-0.0171
25-Jun-12,-0.0857
26-Jun-12,0.0162
27-Jun-12,0.0082
28-Jun-12,-0.0088
29-Jun-12,0.074
2-Jul-12,0.0022
3-Jul-12,-0.0007
4-Jul-12,0.0476
5-Jul-12,-0.0242
6-Jul-12,-0.0008
9-Jul-12,0.0083
10-Jul-12,-0.0428
11-Jul-12,-0.0261
12-Jul-12,-0.0049
13-Jul-12,0.0405
16-Jul-12,-0.0084
17-Jul-12,-0.0088
18-Jul-12,0.002
19-Jul-12,0.0167
20-Jul-12,0.0071
23-Jul-12,-0.081
24-Jul-12,0.0043
25-Jul-12,-0.0048
26-Jul-12,-0.0064
27-Jul-12,0.0103
30-Jul-12,0.0325
31-Jul-12,-0.0021
1-Aug-12,0.0014
2-Aug-12,-0.0182
3-Aug-12,0.0108
6-Aug-12,0.0235
7-Aug-12,0.0248
8-Aug-12,-0.0198
9-Aug-12,-0.0009
10-Aug-12,0.0079
13-Aug-12,0.0059
14-Aug-12,-0.0043
16-Aug-12,0.0225
17-Aug-12,0.0135
20-Aug-12,-0.0197
21-Aug-12,0.0352
22-Aug-12,-0.0042
23-Aug-12,-0.0202
24-Aug-12,0.0191
27-Aug-12,0.0009
28-Aug-12,-0.0259
29-Aug-12,0.0169
30-Aug-12,-0.0184
31-Aug-12,0.0283
3-Sep-12,-0.0099
4-Sep-12,0.015
5-Sep-12,0.0444
6-Sep-12,-0.0006
7-Sep-12,0.0273
10-Sep-12,0.0612
11-Sep-12,0.011
12-Sep-12,0.0685
13-Sep-12,-0.0419
14-Sep-12,0.0009
17-Sep-12,-0.0192
18-Sep-12,0.0396
19-Sep-12,-0.0167
20-Sep-12,-0.0004
21-Sep-12,0.0234
24-Sep-12,-0.0393
25-Sep-12,0.0029
26-Sep-12,-0.0007
27-Sep-12,-0.0161
28-Sep-12,-0.0038
1-Oct-12,0.0073
2-Oct-12,0.0537
3-Oct-12,-0.0084
4-Oct-12,0.0158
5-Oct-12,0.0619
8-Oct-12,-0.0045
9-Oct-12,0.0003
10-Oct-12,-0.0435
11-Oct-12,0.0041
12-Oct-12,0.033
15-Oct-12,0.0186
16-Oct-12,0.0191
17-Oct-12,0.0282
18-Oct-12,0.0016
19-Oct-12,0.0111
22-Oct-12,0.0361
23-Oct-12,-0.0202
24-Oct-12,0.021
25-Oct-12,-0.008
26-Oct-12,-0.0102
29-Oct-12,-0.0834
30-Oct-12,-0.0088
31-Oct-12,-0.0232
1-Nov-12,-0.0648
2-Nov-12,0.0721
5-Nov-12,0.0386
6-Nov-12,0.0035
7-Nov-12,-0.0088
8-Nov-12,-0.053
9-Nov-12,0.016
12-Nov-12,-0.057
13-Nov-12,-0.0012
14-Nov-12,0.032
15-Nov-12,-0.0213
16-Nov-12,0.0036
19-Nov-12,0.0554
20-Nov-12,-0.0062
21-Nov-12,0.0129
22-Nov-12,0.0261
23-Nov-12,-0.002
26-Nov-12,-0.0037
27-Nov-12,-0.0139
28-Nov-12,-0.0396
29-Nov-12,-0.0053
30-Nov-12,-0.0204
3-Dec-12,0.0236
4-Dec-12,-0.0164
5-Dec-12,0.0178
6-Dec-12,0.0203
7-Dec-12,0.0034
10-Dec-12,0.0136
11-Dec-12,0.0232
12-Dec-12,0.0016
13-Dec-12,-0.0175
14-Dec-12,-0.0007
17-Dec-12,-0.028
18-Dec-12,-0.0059
19-Dec-12,0.0569
20-Dec-12,-0.0075
21-Dec-12,0.0205
27-Dec-12,0.0209
28-Dec-12,-0.0199
31-Dec-12,0.0017
2-Jan-13,0.0418
3-Jan-13,0.0098
4-Jan-13,0.0193
7-Jan-13,0.0028
8-Jan-13,0.0104
9-Jan-13,-0.0007
10-Jan-13,0.001
11-Jan-13,-0.0088
14-Jan-13,-0.0152
15-Jan-13,-0.0185
16-Jan-13,0.0058
17-Jan-13,-0.0005
18-Jan-13,0.013
21-Jan-13,-0.0038
22-Jan-13,0.0285
23-Jan-13,0.0259
24-Jan-13,-0.0374
25-Jan-13,0.03
28-Jan-13,-0.0034
29-Jan-13,-0.0078
30-Jan-13,-0.0068
31-Jan-13,-0.0117
1-Feb-13,-0.0113
4-Feb-13,0.019
5-Feb-13,0.0183
6-Feb-13,0.0249
7-Feb-13,0.0063
8-Feb-13,-0.0189
11-Feb-13,-0.0114
12-Feb-13,0.0109
13-Feb-13,0.0039
14-Feb-13,-0.0013
15-Feb-13,0.0145
18-Feb-13,-0.0168
19-Feb-13,0.0125
20-Feb-13,0.0013
21-Feb-13,-0.0464
22-Feb-13,0.0058
25-Feb-13,-0.0139
26-Feb-13,-0.0044
27-Feb-13,0.0077
28-Feb-13,0.009
1-Mar-13,-0.0227
4-Mar-13,-0.0209
5-Mar-13,-0.0025
6-Mar-13,-0.005
7-Mar-13,-0.0331
8-Mar-13,0.0195
11-Mar-13,-0.0219
12-Mar-13,0.0053
13-Mar-13,0.0323
14-Mar-13,-0.0061
15-Mar-13,-0.0089
19-Mar-13,-0.0488
20-Mar-13,0.0079
21-Mar-13,0
22-Mar-13,0.0069
26-Mar-13,-0.0528
27-Mar-13,-0.0429
28-Mar-13,0.0227
2-Apr-13,-0.0179
3-Apr-13,-0.0204
4-Apr-13,0.0038
5-Apr-13,-0.0257
8-Apr-13,0.0101
9-Apr-13,0.0646
10-Apr-13,0.042
11-Apr-13,0.0338
12-Apr-13,-0.005
15-Apr-13,-0.0089
16-Apr-13,-0.0167
17-Apr-13,0.0144
18-Apr-13,0.002
19-Apr-13,0.004
22-Apr-13,0.028
23-Apr-13,-0.0034
24-Apr-13,0.0125
25-Apr-13,0.0308
26-Apr-13,-0.0045
29-Apr-13,0.0127
30-Apr-13,-0.0104
2-May-13,0.0148
8-May-13,0.0737
9-May-13,0.0238
10-May-13,-0.0306
13-May-13,0.0458
14-May-13,0.0094
15-May-13,0.0444
16-May-13,0.028
17-May-13,0.0284
20-May-13,-0.0287
21-May-13,-0.0554
22-May-13,-0.0133
23-May-13,-0.0432
24-May-13,-0.0036
27-May-13,0.0032
28-May-13,-0.0049
29-May-13,-0.0277
30-May-13,-0.0148
31-May-13,0.032
3-Jun-13,-0.0084
4-Jun-13,-0.0314
5-Jun-13,0.0076
6-Jun-13,-0.0105
7-Jun-13,0.012
10-Jun-13,-0.0479
11-Jun-13,-0.0455
12-Jun-13,-0.0367
13-Jun-13,0.0322
14-Jun-13,0.0231
17-Jun-13,-0.0117
18-Jun-13,0.0163
19-Jun-13,-0.0068
20-Jun-13,-0.0392
21-Jun-13,-0.0593
25-Jun-13,0.0104
26-Jun-13,-0.0084
27-Jun-13,-0.0135
28-Jun-13,0.0261
1-Jul-13,0.0117
2-Jul-13,-0.0265
3-Jul-13,-0.0049
4-Jul-13,0.0054
5-Jul-13,0.0238
8-Jul-13,0.0236
9-Jul-13,-0.0244
10-Jul-13,-0.0202
11-Jul-13,-0.0076
12-Jul-13,-0.0153
15-Jul-13,0.0017
16-Jul-13,0.0194
17-Jul-13,0.0174
18-Jul-13,0.0137
19-Jul-13,-0.0146
22-Jul-13,0.0075
23-Jul-13,-0.0002
24-Jul-13,-0.0002
25-Jul-13,0.0043
26-Jul-13,0.025
29-Jul-13,0.008
30-Jul-13,-0.0068
31-Jul-13,0.0194
1-Aug-13,0.0219
2-Aug-13,0.017
5-Aug-13,0.0027
6-Aug-13,0.0042
7-Aug-13,0.0026
8-Aug-13,0.031
9-Aug-13,0.0088
12-Aug-13,0.02
13-Aug-13,-0.0186
14-Aug-13,-0.0049
16-Aug-13,-0.0082
19-Aug-13,-0.0286
20-Aug-13,-0.0304
21-Aug-13,0.0127
22-Aug-13,-0.0055
23-Aug-13,0.0297
26-Aug-13,-0.0077
27-Aug-13,-0.04
28-Aug-13,-0.001
29-Aug-13,0.0167
30-Aug-13,0.006
2-Sep-13,0.004
3-Sep-13,0.0211
4-Sep-13,0.0051
5-Sep-13,0.0091
6-Sep-13,0.0075
9-Sep-13,0.0396
10-Sep-13,0.0145
11-Sep-13,-0.0026
12-Sep-13,0.008
13-Sep-13,-0.0031
16-Sep-13,0.0006
17-Sep-13,0.009
18-Sep-13,-0.0024
19-Sep-13,0.0163
20-Sep-13,-0.0404
23-Sep-13,0.0059
24-Sep-13,0.0241
25-Sep-13,0.0035
26-Sep-13,0.0043
27-Sep-13,0.0021
30-Sep-13,-0.0136
1-Oct-13,0.0073
2-Oct-13,-0.0151
3-Oct-13,0.0183
4-Oct-13,0.0289
7-Oct-13,0.0217
8-Oct-13,0.0147
9-Oct-13,-0.002
10-Oct-13,0.0119
11-Oct-13,-0.0134
14-Oct-13,0.0109
15-Oct-13,-0.003
16-Oct-13,0.0082
17-Oct-13,0.0109
18-Oct-13,0.0232
21-Oct-13,0.0263
22-Oct-13,0.0055
23-Oct-13,-0.036
24-Oct-13,0.0153
25-Oct-13,0.0112
29-Oct-13,-0.021
30-Oct-13,0.0065
31-Oct-13,0.0116
1-Nov-13,-0.0092
4-Nov-13,-0.0123
5-Nov-13,-0.0217
6-Nov-13,0.0178
7-Nov-13,0.0148
8-Nov-13,-0.0024
11-Nov-13,-0.0057
12-Nov-13,-0.0326
13-Nov-13,0.0045
14-Nov-13,0.0093
15-Nov-13,-0.0084
18-Nov-13,0.0079
19-Nov-13,0.0041
20-Nov-13,-0.0054
21-Nov-13,0.0034
22-Nov-13,0.024
25-Nov-13,0.0229
26-Nov-13,-0.0371
27-Nov-13,0.0189
28-Nov-13,0.0018
29-Nov-13,0.0099
2-Dec-13,0.0231
3-Dec-13,-0.0072
4-Dec-13,-0.0085
5-Dec-13,-0.02
6-Dec-13,-0.0104
9-Dec-13,0.0065
10-Dec-13,0.0138
11-Dec-13,-0.0038
12-Dec-13,-0.0108
13-Dec-13,-0.0258
16-Dec-13,-0.0048
17-Dec-13,0.0017
18-Dec-13,0
19-Dec-13,0.0096
20-Dec-13,-0.0232
23-Dec-13,-0.0083
27-Dec-13,0.0476
30-Dec-13,-0.0062
31-Dec-13,0.0026
2-Jan-14,0.0348
3-Jan-14,-0.0043
7-Jan-14,0.0265
8-Jan-14,0.0329
9-Jan-14,0.009
10-Jan-14,0.002
13-Jan-14,-0.0043
14-Jan-14,-0.0208
15-Jan-14,0.0181
16-Jan-14,-0.01
17-Jan-14,-0.0047
20-Jan-14,-0.0194
21-Jan-14,-0.0163
22-Jan-14,0.0076
23-Jan-14,-0.0009
24-Jan-14,-0.034
27-Jan-14,-0.0238
28-Jan-14,-0.017
29-Jan-14,-0.0113
30-Jan-14,0.0267
31-Jan-14,0.0138
3-Feb-14,0.0225
4-Feb-14,0.0027
5-Feb-14,0.0219
6-Feb-14,0.0109
7-Feb-14,0.0049
10-Feb-14,0.0029
11-Feb-14,-0.0113
12-Feb-14,0.0271
13-Feb-14,-0.007
14-Feb-14,0.0053
17-Feb-14,-0.0021
18-Feb-14,-0.0028
19-Feb-14,-0.013
20-Feb-14,-0.0062
21-Feb-14,-0.001
24-Feb-14,-0.029
25-Feb-14,0.0351
26-Feb-14,0.0321
27-Feb-14,-0.007
28-Feb-14,0.0104
4-Mar-14,0.0115
5-Mar-14,-0.0048
6-Mar-14,0.0003
7-Mar-14,0.0168
10-Mar-14,-0.0071
11-Mar-14,0.0182
12-Mar-14,-0.0037
13-Mar-14,-0.0082
14-Mar-14,-0.0198
17-Mar-14,0.0381
18-Mar-14,0.0045
19-Mar-14,-0.0034
20-Mar-14,-0.0025
21-Mar-14,-0.0267
24-Mar-14,0.0012
26-Mar-14,0.0031
27-Mar-14,-0.0131
28-Mar-14,0.0105
31-Mar-14,0.004
1-Apr-14,0.0066
2-Apr-14,0.0067
3-Apr-14,-0.0219
4-Apr-14,-0.0068
7-Apr-14,-0.0058
8-Apr-14,-0.0043
9-Apr-14,-0.0052
10-Apr-14,-0.0059
11-Apr-14,-0.0295
14-Apr-14,-0.0335
15-Apr-14,-0.0159
16-Apr-14,0.0226
17-Apr-14,0.0265
22-Apr-14,0.0119
23-Apr-14,-0.026
24-Apr-14,0.0014
25-Apr-14,-0.0061
28-Apr-14,-0.0222
29-Apr-14,0.0025
30-Apr-14,0.0265
2-May-14,0.005
5-May-14,-0.0048
6-May-14,-0.0136
7-May-14,0.011
8-May-14,-0.0051
9-May-14,-0.029
12-May-14,-0.0198
13-May-14,-0.0007
14-May-14,0.0134
15-May-14,-0.0453
16-May-14,-0.0326
19-May-14,-0.021
20-May-14,0.0466
21-May-14,0.0201
22-May-14,0.0117
23-May-14,0.0178
26-May-14,0.0243
27-May-14,0.0056
28-May-14,0.012
29-May-14,-0.0089
30-May-14,0.0165
2-Jun-14,0.0161
3-Jun-14,-0.0109
4-Jun-14,0.0123
5-Jun-14,0.0296
6-Jun-14,0.0183
10-Jun-14,0.0144
11-Jun-14,-0.0128
12-Jun-14,0.0001
13-Jun-14,-0.029
16-Jun-14,-0.0056
17-Jun-14,-0.0025
18-Jun-14,0.0103
19-Jun-14,0.0113
20-Jun-14,0.0167
23-Jun-14,-0.0292
24-Jun-14,-0.0226
25-Jun-14,-0.0151
26-Jun-14,0.0003
27-Jun-14,-0.0132
30-Jun-14,0.0042
1-Jul-14,0.0114
2-Jul-14,0.0183
3-Jul-14,0.0054
4-Jul-14,-0.0089
7-Jul-14,-0.0008
8-Jul-14,-0.0427
9-Jul-14,-0.02
10-Jul-14,-0.0177
11-Jul-14,0.0049
14-Jul-14,0.0215
15-Jul-14,0.0002
16-Jul-14,0.0093
17-Jul-14,0.0001
18-Jul-14,-0.0276
21-Jul-14,-0.0101
22-Jul-14,0.0003
23-Jul-14,0.0018
24-Jul-14,0.0192
25-Jul-14,0.0352
28-Jul-14,-0.0013
29-Jul-14,-0.0156
30-Jul-14,-0.0009
31-Jul-14,-0.0237
1-Aug-14,-0.0063
4-Aug-14,-0.0059
5-Aug-14,-0.0284
6-Aug-14,-0.0284
7-Aug-14,0.0016
8-Aug-14,-0.0372
11-Aug-14,0.0195
12-Aug-14,0.0249
13-Aug-14,0.0137
14-Aug-14,0.0075
18-Aug-14,-0.0264
19-Aug-14,0.0229
20-Aug-14,0.0107
21-Aug-14,0.0228
22-Aug-14,0.0128
25-Aug-14,0.0032
26-Aug-14,0.0152
27-Aug-14,-0.0013
28-Aug-14,-0.0069
29-Aug-14,-0.0054
1-Sep-14,-0.0012
2-Sep-14,-0.0149
3-Sep-14,0.0142
4-Sep-14,0.0221
5-Sep-14,0.0114
8-Sep-14,0
9-Sep-14,-0.0279
10-Sep-14,0.0053
11-Sep-14,-0.0033
12-Sep-14,-0.0044
15-Sep-14,-0.0041
16-Sep-14,-0.0287
17-Sep-14,0.0083
18-Sep-14,-0.0224
19-Sep-14,0.0392
22-Sep-14,-0.0159
23-Sep-14,-0.0269
24-Sep-14,0.0009
25-Sep-14,-0.0153
26-Sep-14,0.0006
29-Sep-14,-0.0302
30-Sep-14,0.008
1-Oct-14,0.003
2-Oct-14,-0.0028
3-Oct-14,-0.0085
6-Oct-14,-0.0129
7-Oct-14,-0.0223
8-Oct-14,-0.005
9-Oct-14,0.0176
10-Oct-14,-0.0213
13-Oct-14,0.0027
14-Oct-14,-0.0567
15-Oct-14,-0.0632
16-Oct-14,-0.0243
17-Oct-14,0.0734
20-Oct-14,0.0116
21-Oct-14,0.058
22-Oct-14,-0.0007
23-Oct-14,-0.0014
24-Oct-14,0.0022
27-Oct-14,-0.0342
29-Oct-14,-0.0254
30-Oct-14,-0.0305
31-Oct-14,0.01
3-Nov-14,0.0262
4-Nov-14,0.0025
5-Nov-14,0.0141
6-Nov-14,0.0022
7-Nov-14,-0.056
10-Nov-14,-0.0109
11-Nov-14,-0.0095
12-Nov-14,-0.0249
13-Nov-14,0.0112
14-Nov-14,0.0088
17-Nov-14,-0.0111
18-Nov-14,0.0407
19-Nov-14,0.0417
20-Nov-14,0.0052
21-Nov-14,0.0407
24-Nov-14,-0.0046
25-Nov-14,-0.0281
26-Nov-14,0.0162
27-Nov-14,-0.0245
28-Nov-14,0.011
1-Dec-14,0.0014
2-Dec-14,0.0273
3-Dec-14,0.0175
4-Dec-14,-0.0181
5-Dec-14,0.0415
8-Dec-14,0.0016
9-Dec-14,-0.1293
10-Dec-14,-0.0124
11-Dec-14,-0.0769
12-Dec-14,-0.0022
15-Dec-14,0.0164
16-Dec-14,-0.0082
17-Dec-14,0.0324
18-Dec-14,0.0118
19-Dec-14,-0.015
22-Dec-14,0.0145
23-Dec-14,-0.0143
29-Dec-14,-0.0346
30-Dec-14,-0.0138
31-Dec-14,0.0093
2-Jan-15,0.0117
5-Jan-15,-0.057
7-Jan-15,-0.0149
8-Jan-15,-0.0184
9-Jan-15,0.0205
12-Jan-15,0.0352
13-Jan-15,0.0384
14-Jan-15,-0.0156
15-Jan-15,-0.0213
16-Jan-15,-0.0222
19-Jan-15,0.0205
20-Jan-15,-0.015
21-Jan-15,-0.0256
22-Jan-15,0.0116
23-Jan-15,0.0656
26-Jan-15,-0.056
27-Jan-15,-0.0504
28-Jan-15,-0.121
29-Jan-15,0.0415
30-Jan-15,-0.0148
2-Feb-15,0.0466
3-Feb-15,0.1246
4-Feb-15,0.0164
5-Feb-15,-0.0448
6-Feb-15,-0.0256
9-Feb-15,-0.0579
10-Feb-15,0.0822
11-Feb-15,-0.0393
12-Feb-15,0.0812
13-Feb-15,0.0669
16-Feb-15,-0.0481
17-Feb-15,-0.0392
18-Feb-15,0.0108
19-Feb-15,0.0133
20-Feb-15,-0.0016
24-Feb-15,0.1092
25-Feb-15,-0.0297
26-Feb-15,-0.0197
27-Feb-15,-0.0341
2-Mar-15,-0.0268
3-Mar-15,0.005
4-Mar-15,-0.0138
5-Mar-15,0.0188
6-Mar-15,-0.0097
9-Mar-15,-0.0438
10-Mar-15,0.0026
11-Mar-15,-0.0281
12-Mar-15,-0.0021
13-Mar-15,-0.0295
16-Mar-15,-0.0102
17-Mar-15,0.0123
18-Mar-15,-0.0395
19-Mar-15,-0.0192
20-Mar-15,0.036
23-Mar-15,0.0366
24-Mar-15,0.0329
26-Mar-15,-0.0454
27-Mar-15,0.0007
30-Mar-15,0.0053
31-Mar-15,0.0075
1-Apr-15,-0.0115
2-Apr-15,0.0097
7-Apr-15,0.0151
8-Apr-15,-0.0136
9-Apr-15,0.0117
14-Apr-15,-0.0286
15-Apr-15,-0.0217
16-Apr-15,0.0063
17-Apr-15,-0.0311
20-Apr-15,-0.0059
21-Apr-15,-0.0275
22-Apr-15,0.0285
23-Apr-15,0.0269
24-Apr-15,0.0374
27-Apr-15,0.0451
28-Apr-15,0.0131
29-Apr-15,-0.0125
30-Apr-15,0.0278
4-May-15,0.0067
5-May-15,-0.0394
6-May-15,0.0317
7-May-15,0.0303
8-May-15,-0.0028
11-May-15,-0.0283
12-May-15,0.015
13-May-15,0.004
14-May-15,0.0044
15-May-15,-0.0264
18-May-15,0.0148
19-May-15,0.0291
20-May-15,-0.0078
21-May-15,0.0077
22-May-15,-0.0119
25-May-15,-0.0328
26-May-15,0.0121
27-May-15,0.0434
28-May-15,-0.0149
29-May-15,-0.012
2-Jun-15,-0.0352
3-Jun-15,0.0461
4-Jun-15,-0.0163
5-Jun-15,-0.0503
8-Jun-15,-0.0267
9-Jun-15,0.0058
10-Jun-15,-0.0128
11-Jun-15,0.0892
12-Jun-15,-0.0652
15-Jun-15,-0.0449
16-Jun-15,-0.0504
17-Jun-15,-0.0177
18-Jun-15,0.0066
19-Jun-15,0.002
22-Jun-15,0.0863
23-Jun-15,0.064
24-Jun-15,-0.0197
25-Jun-15,0.0063
26-Jun-15,0.0162
3-Aug-15,-0.1637
4-Aug-15,-0.0361
5-Aug-15,-0.0286
6-Aug-15,0.0481
7-Aug-15,0.0188
10-Aug-15,0.0166
11-Aug-15,0.0286
12-Aug-15,-0.0288
13-Aug-15,-0.0112
14-Aug-15,-0.016
17-Aug-15,0.0104
18-Aug-15,-0.0095
19-Aug-15,0.005
20-Aug-15,-0.0354
21-Aug-15,-0.0328
24-Aug-15,-0.1277
25-Aug-15,0.1169
26-Aug-15,0.003
27-Aug-15,0.0097
28-Aug-15,0.0117
31-Aug-15,-0.0212
1-Sep-15,-0.0091
2-Sep-15,0.0108
3-Sep-15,0.0355
4-Sep-15,-0.0037
7-Sep-15,0.0112
8-Sep-15,0.0236
9-Sep-15,0.0038
10-Sep-15,0.0056
11-Sep-15,-0.0026
14-Sep-15,-0.0036
15-Sep-15,0.0106
16-Sep-15,0.0198
17-Sep-15,0.0034
18-Sep-15,0.0102
21-Sep-15,-0.0036
22-Sep-15,-0.0277
23-Sep-15,-0.0148
24-Sep-15,-0.0043
25-Sep-15,0.013
28-Sep-15,-0.0322
29-Sep-15,-0.0071
30-Sep-15,0.0015
1-Oct-15,-0.0208
2-Oct-15,0.0004
5-Oct-15,0.054
6-Oct-15,0.0092
7-Oct-15,0.0192
8-Oct-15,-0.004
9-Oct-15,0.0003
12-Oct-15,0.0085
13-Oct-15,-0.0073
14-Oct-15,-0.0008
15-Oct-15,0.033
16-Oct-15,-0.0108
19-Oct-15,0.0007
20-Oct-15,0.0103
21-Oct-15,0.0093
22-Oct-15,0.0181
23-Oct-15,0.0115
26-Oct-15,0.007
27-Oct-15,0.0115
29-Oct-15,-0.0199
30-Oct-15,-0.0271
2-Nov-15,0.036
3-Nov-15,-0.0074
4-Nov-15,-0.0085
5-Nov-15,-0.0372
6-Nov-15,-0.0207
9-Nov-15,0.0123
10-Nov-15,-0.0132
11-Nov-15,-0.0124
12-Nov-15,-0.0155
13-Nov-15,-0.0118
16-Nov-15,-0.0083
17-Nov-15,0.0232
18-Nov-15,0.0237
19-Nov-15,-0.0018
20-Nov-15,-0.019
23-Nov-15,-0.026
24-Nov-15,0.0075
25-Nov-15,-0.009
26-Nov-15,-0.0015
27-Nov-15,0.0068
30-Nov-15,-0.0234
1-Dec-15,0.0093
2-Dec-15,-0.0143
3-Dec-15,-0.019
4-Dec-15,-0.0234
7-Dec-15,0.0062
8-Dec-15,-0.046
9-Dec-15,-0.0385
10-Dec-15,0.0301
11-Dec-15,-0.0008
14-Dec-15,0.0126
15-Dec-15,-0.0075
16-Dec-15,0.0292
17-Dec-15,0.0351
18-Dec-15,0.0054
21-Dec-15,-0.0058
22-Dec-15,-0.0084
23-Dec-15,0.0068
28-Dec-15,-0.0116
29-Dec-15,0.0004
30-Dec-15,-0.0131
31-Dec-15,0.0346
4-Jan-16,-0.0242
5-Jan-16,-0.0089
7-Jan-16,-0.0458
8-Jan-16,-0.0112
11-Jan-16,-0.0094
12-Jan-16,0.0258
13-Jan-16,-0.0045
14-Jan-16,-0.0316
15-Jan-16,-0.0361
18-Jan-16,-0.0416
19-Jan-16,0.0268
20-Jan-16,-0.0737
21-Jan-16,-0.0076
22-Jan-16,0.0376
25-Jan-16,0.002
26-Jan-16,0.0239
27-Jan-16,0.0011
28-Jan-16,-0.0098
29-Jan-16,0.0173
1-Feb-16,0.0104
2-Feb-16,-0.0098
3-Feb-16,-0.0521
4-Feb-16,-0.0549
5-Feb-16,-0.0156
8-Feb-16,-0.1021
9-Feb-16,-0.0384
10-Feb-16,0.0019
11-Feb-16,-0.0251
12-Feb-16,0.0463
15-Feb-16,0.1017
16-Feb-16,-0.0138
17-Feb-16,0.0277
18-Feb-16,0.0021
19-Feb-16,-0.0422
22-Feb-16,0.02
23-Feb-16,0.0165
24-Feb-16,-0.0498
25-Feb-16,0.0241
26-Feb-16,0.0562
29-Feb-16,0.0271
1-Mar-16,0.0085
2-Mar-16,0.0356
3-Mar-16,0.0301
4-Mar-16,-0.005
7-Mar-16,0.0182
8-Mar-16,0.0091
9-Mar-16,-0.0267
10-Mar-16,0.0313
11-Mar-16,-0.0002
15-Mar-16,0.0285
16-Mar-16,-0.0132
17-Mar-16,-0.0086
18-Mar-16,-0.0322
21-Mar-16,-0.0212
22-Mar-16,0.0036
23-Mar-16,0.0179
24-Mar-16,0.0146
29-Mar-16,0.0243
30-Mar-16,0.0251
31-Mar-16,-0.0027
1-Apr-16,-0.0158
4-Apr-16,-0.0158
5-Apr-16,-0.0106
6-Apr-16,-0.017
7-Apr-16,0.0018
8-Apr-16,0.0149
11-Apr-16,-0.0014
12-Apr-16,-0.0193
13-Apr-16,-0.0093
14-Apr-16,0.0009
15-Apr-16,0.0719
18-Apr-16,-0.0012
19-Apr-16,0.0028
20-Apr-16,0.006
21-Apr-16,0.0426
22-Apr-16,0.0158
25-Apr-16,-0.0159
26-Apr-16,0.0024
27-Apr-16,-0.0339
28-Apr-16,-0.0041
4-May-16,0.0069
5-May-16,0.0271
6-May-16,0.0086
9-May-16,0.0116
10-May-16,0.0394
11-May-16,-0.0198
12-May-16,0.0254
13-May-16,-0.0219
16-May-16,-0.002
17-May-16,0.0163
18-May-16,0.0041
19-May-16,-0.0109
20-May-16,0.0387
23-May-16,0.0192
24-May-16,-0.0183
25-May-16,-0.0075
26-May-16,-0.0009
27-May-16,-0.0221
30-May-16,0.0104
31-May-16,0.0055
1-Jun-16,-0.0046
2-Jun-16,-0.0149
3-Jun-16,0.0169
6-Jun-16,-0.0209
7-Jun-16,0.0322
8-Jun-16,-0.0034
9-Jun-16,-0.0129
10-Jun-16,-0.0532
13-Jun-16,-0.045
14-Jun-16,-0.001
15-Jun-16,-0.0374
16-Jun-16,-0.0424
17-Jun-16,0.074
21-Jun-16,0.0472
22-Jun-16,0.0135
23-Jun-16,0.0155
24-Jun-16,-0.1585
27-Jun-16,-0.0403
28-Jun-16,0.046
29-Jun-16,0.0106
30-Jun-16,-0.0086
1-Jul-16,0.0001
4-Jul-16,-0.0122
5-Jul-16,-0.0339
6-Jul-16,0.0095
7-Jul-16,0.0125
8-Jul-16,0.0154
11-Jul-16,0.0241
12-Jul-16,0.0112
13-Jul-16,0.0187
14-Jul-16,0.0086
15-Jul-16,-0.0077
18-Jul-16,-0.0085
19-Jul-16,0.0141
20-Jul-16,0.0045
21-Jul-16,-0.0043
22-Jul-16,0.0111
25-Jul-16,-0.0124
26-Jul-16,0.002
27-Jul-16,0.003
28-Jul-16,-0.0201
29-Jul-16,0.0176
1-Aug-16,-0.004
2-Aug-16,-0.0377
3-Aug-16,-0.0003
4-Aug-16,0.0117
5-Aug-16,0.0107
8-Aug-16,-0.0063
9-Aug-16,0.0048
10-Aug-16,0.0085
11-Aug-16,0.012
12-Aug-16,0.0058
16-Aug-16,-0.0089
17-Aug-16,-0.0089
18-Aug-16,0.0089
19-Aug-16,-0.022
22-Aug-16,0.0134
23-Aug-16,0.0041
24-Aug-16,0.0014
25-Aug-16,-0.0028
26-Aug-16,-0.0053
29-Aug-16,-0.0074
30-Aug-16,0.0056
31-Aug-16,0.033
1-Sep-16,0.006
2-Sep-16,0.0069
5-Sep-16,-0.0098
6-Sep-16,0.0019
7-Sep-16,-0.0048
8-Sep-16,-0.0168
9-Sep-16,0.0013
12-Sep-16,-0.0246
13-Sep-16,-0.0005
14-Sep-16,-0.003
15-Sep-16,-0.008
16-Sep-16,0.0109
19-Sep-16,-0.007
20-Sep-16,0.0084
21-Sep-16,0.0053
22-Sep-16,0.0222
23-Sep-16,0.0024
26-Sep-16,-0.0245
27-Sep-16,-0.0005
28-Sep-16,0.0012
29-Sep-16,0.0097
30-Sep-16,-0.0076
3-Oct-16,0.0099
4-Oct-16,0.0179
5-Oct-16,-0.0098
6-Oct-16,-0.0056
7-Oct-16,0.0029
10-Oct-16,0.0199
11-Oct-16,0.0026
12-Oct-16,0.0014
13-Oct-16,-0.0231
14-Oct-16,0.0249
17-Oct-16,-0.0068
18-Oct-16,0.0149
19-Oct-16,-0.0004
20-Oct-16,0.005
21-Oct-16,-0.0025
24-Oct-16,-0.0033
25-Oct-16,-0.0091
26-Oct-16,0.0022
27-Oct-16,-0.0006
31-Oct-16,0.0016
1-Nov-16,-0.0182
2-Nov-16,-0.0023
3-Nov-16,-0.0013
4-Nov-16,-0.0124
7-Nov-16,0.014
8-Nov-16,0.0034
9-Nov-16,0.0021
10-Nov-16,0.009
11-Nov-16,-0.0112
14-Nov-16,-0.0014
15-Nov-16,-0.005
16-Nov-16,0.0303
17-Nov-16,0.0179
18-Nov-16,0.0279
21-Nov-16,0.0101
22-Nov-16,0.0325
23-Nov-16,-0.0006
24-Nov-16,-0.0194
25-Nov-16,0.0006
28-Nov-16,-0.0345
29-Nov-16,0.0147
30-Nov-16,0.0342
1-Dec-16,-0.0238
2-Dec-16,0.0005
5-Dec-16,0.0081
6-Dec-16,0.002
7-Dec-16,0.0263
8-Dec-16,0.0187
9-Dec-16,-0.011
12-Dec-16,0.001
13-Dec-16,-0.003
14-Dec-16,-0.0361
15-Dec-16,-0.0057
16-Dec-16,0.037
19-Dec-16,-0.0214
20-Dec-16,-0.0026
21-Dec-16,0.017
22-Dec-16,-0.0099
23-Dec-16,-0.0003
27-Dec-16,0.0112
28-Dec-16,-0.0023
29-Dec-16,0.0042
30-Dec-16,0.0136
2-Jan-17,0.0023
3-Jan-17,0.0142
4-Jan-17,0.0023
5-Jan-17,0.0001
9-Jan-17,-0.0024
10-Jan-17,0.0015
11-Jan-17,0.0048
12-Jan-17,0.0011
13-Jan-17,-0.0204
16-Jan-17,-0.0112
17-Jan-17,-0.0049
18-Jan-17,0.0031
19-Jan-17,0.0003
20-Jan-17,-0.0066
23-Jan-17,0.0001
24-Jan-17,0.0098
25-Jan-17,0.0199
26-Jan-17,0.0051
27-Jan-17,-0.0352
30-Jan-17,-0.0367
31-Jan-17,-0.0079
1-Feb-17,0.0128
2-Feb-17,0.0034
3-Feb-17,0.0112
6-Feb-17,-0.0146
7-Feb-17,0.0032
8-Feb-17,-0.0163
9-Feb-17,-0.0042
10-Feb-17,0.0254
13-Feb-17,0.0077
14-Feb-17,0.0047
15-Feb-17,-0.0106
16-Feb-17,0.0059
17-Feb-17,0.0208
20-Feb-17,0.0104
21-Feb-17,0.0162
22-Feb-17,-0.0137
23-Feb-17,0.0022
24-Feb-17,-0.0082
28-Feb-17,0.0001
1-Mar-17,0.0136
2-Mar-17,0.0011
3-Mar-17,-0.0094
6-Mar-17,-0.011
7-Mar-17,0.0006
8-Mar-17,0.0082
9-Mar-17,-0.0026
10-Mar-17,-0.0003
13-Mar-17,0.0066
14-Mar-17,-0.0191
15-Mar-17,-0.0097
16-Mar-17,0.0056
17-Mar-17,0.0113
20-Mar-17,0.0009
21-Mar-17,-0.0074
22-Mar-17,0.002
23-Mar-17,0.0004
24-Mar-17,-0.0075
27-Mar-17,0.0145
28-Mar-17,0.0294
29-Mar-17,0.004
30-Mar-17,0.0065
31-Mar-17,-0.0073
3-Apr-17,0.0021
4-Apr-17,-0.0001
5-Apr-17,0.0065
6-Apr-17,-0.0014
7-Apr-17,0.0158
10-Apr-17,-0.0021
11-Apr-17,-0.0011
12-Apr-17,0.0084
13-Apr-17,-0.0016
18-Apr-17,-0.0107
19-Apr-17,0.0041
20-Apr-17,-0.0054
21-Apr-17,-0.0046
24-Apr-17,0.0175
25-Apr-17,0.0198
26-Apr-17,0.0134
27-Apr-17,-0.0002
28-Apr-17,0.0091
2-May-17,0.0281
3-May-17,0.022
4-May-17,0.0005
5-May-17,0.0074
8-May-17,0.0104
9-May-17,0.0211
10-May-17,0.0129
11-May-17,0.0056
12-May-17,-0.0109
15-May-17,-0.009
16-May-17,0.0086
17-May-17,-0.0004
18-May-17,-0.0078
19-May-17,0.0005
22-May-17,0.0073
23-May-17,-0.004
24-May-17,-0.0192
25-May-17,0.0074
26-May-17,0.0079
29-May-17,-0.0045
30-May-17,-0.0019
31-May-17,-0.0013
1-Jun-17,0.0078
2-Jun-17,0.0073
6-Jun-17,-0.0122
7-Jun-17,-0.0042
8-Jun-17,0.0046
9-Jun-17,0.0022
12-Jun-17,0.0032
13-Jun-17,0.0169
14-Jun-17,0.0063
15-Jun-17,-0.0028
16-Jun-17,0.0077
19-Jun-17,0.0158
20-Jun-17,0.0073
21-Jun-17,-0.0061
22-Jun-17,-0.0103
23-Jun-17,0.0071
26-Jun-17,-0.0031
27-Jun-17,0.0018
28-Jun-17,-0.0016
29-Jun-17,-0.0075
30-Jun-17,0.0037
3-Jul-17,0.005
4-Jul-17,-0.0046
5-Jul-17,0.0161
6-Jul-17,-0.0006
7-Jul-17,-0.0079
10-Jul-17,0.0058
11-Jul-17,0.002
12-Jul-17,0.0002
13-Jul-17,0.0145
14-Jul-17,0.0021
17-Jul-17,0.0015
18-Jul-17,-0.0112
19-Jul-17,0.0059
20-Jul-17,0.0013
21-Jul-17,-0.0106
24-Jul-17,0.0027
25-Jul-17,-0.0054
26-Jul-17,-0.0132
27-Jul-17,-0.0127
28-Jul-17,0.0026
31-Jul-17,-0.0102
1-Aug-17,0.0083
2-Aug-17,0.0093
3-Aug-17,0.0004
4-Aug-17,0.0053
7-Aug-17,0.0004
8-Aug-17,0.0035
9-Aug-17,0.0033
10-Aug-17,0.0075
11-Aug-17,-0.0104
14-Aug-17,0.0033
16-Aug-17,0.0174
17-Aug-17,-0.0142
18-Aug-17,-0.0106
21-Aug-17,0.0017
22-Aug-17,0.0099
23-Aug-17,-0.0052
24-Aug-17,0.0088
25-Aug-17,-0.0008
28-Aug-17,0.002
29-Aug-17,-0.0188
30-Aug-17,0.0015
31-Aug-17,0.0038
1-Sep-17,-0.0084
4-Sep-17,-0.0109
5-Sep-17,0.0045
6-Sep-17,-0.0048
7-Sep-17,-0.0007
8-Sep-17,-0.006
11-Sep-17,0.0033
12-Sep-17,0.0065
13-Sep-17,-0.0014
14-Sep-17,-0.0242
15-Sep-17,-0.0173
18-Sep-17,-0.0213
19-Sep-17,0.0019
20-Sep-17,-0.0011
21-Sep-17,0.0097
22-Sep-17,0.0119
25-Sep-17,-0.0435
26-Sep-17,-0.0042
27-Sep-17,-0.0068
28-Sep-17,0.0244
29-Sep-17,-0.001
2-Oct-17,-0.0139
3-Oct-17,0.0056
4-Oct-17,0
5-Oct-17,-0.0101
6-Oct-17,0.0019
9-Oct-17,0.011
10-Oct-17,0.0077
11-Oct-17,-0.007
12-Oct-17,0.0038
13-Oct-17,0.0141
16-Oct-17,0.0069
17-Oct-17,-0.0043
18-Oct-17,-0.0043
19-Oct-17,-0.0167
20-Oct-17,0.0031
